PC1,PC2,PC3
2.7087298008910157,2.3986922361272387,0.19587886456588857
-1.7665533819790236,1.825752421389465,-0.8555298896024535
1.8199520812802878,-1.0743014763369767,-1.2748508356225383
-2.0552404225006704,-0.8150068028646069,-1.6939068301714224
-0.053287334822695216,-1.340836424807618,1.2192434417309022
1.0563410597667253,-1.2999518980182,1.4605186165710728
0.4007658759148966,1.8321731809833217,-0.0749638915246514
-1.7842560652384003,-0.9796605520817104,1.0908026391898662
-1.9261349184539482,-0.37634165653150997,1.47778427951362
-4.922866940486734,-0.9370464328451326,2.2924695419396075
-1.9869421453875928,-0.7476753803756531,-1.7696897201943387
-2.5464482037880702,-0.7805073050686678,-0.6794889702394116
1.8464921960187366,1.750377409349292,-1.7539356185418642
-0.5084259366139045,1.4700663625521193,2.211381572010555
-2.264655727846384,-0.5578819213542373,-1.7925447020284426
4.010428727969974,2.016819958175016,2.027023544293583
-2.3041231430984404,-0.8722848709930029,-0.5795034221001849
-0.4218486214169697,-0.8753613716575143,-0.5572400872285429
2.837042079976055,-1.5218426349249976,2.0850516236902186
-1.936779748672155,1.9152053573950925,-0.36812435347921874
-0.8068898830212361,-0.6908703184604454,-1.3780136798995875
2.3172869102471765,-1.2217086437153053,0.3649303281954078
0.41002108490201405,-1.303772116548753,1.9595812629774798
0.9120104860050379,-1.3873312184489925,1.6256568070018924
-0.8436295051817276,-1.1465535092966943,0.6091553348161683
-1.6516146468065125,2.10132435212405,-1.270477250896009
-1.3924383687956552,-0.9742745704100719,-0.2630926771901826
1.7662288147746088,1.8423121541459857,-0.16823283299830152
-1.2092899352847661,-0.8195535696740384,-1.8327014845291352
3.8705913318750937,-1.4550272349539728,0.4268449197883851
-1.7842666211379334,1.9290275732638436,0.19320501259198777
0.0856962984030751,-1.0767370975944544,0.3316013416597863
-1.2462388387878462,-0.8375167295000792,-1.1125035425153529
-0.5314663640769336,2.0907632513984344,3.423149149233679
1.7498456237063535,-1.2026741135115546,1.3984980713026125
-1.70145563920959,1.6491084215180662,1.6676063484191066
2.1079931975334905,-1.5094113784365892,1.4199416361701642
-2.4380356610246836,-1.0157555185795388,-0.3027233469976632
-1.4806564044344503,1.9024105947404397,-1.6296127619224112
2.3435472628925638,2.1446982081291854,2.246682843668565
1.9271051117681428,-1.0203018644281239,-0.9914902641819177
-2.4331561026089084,-0.9648124214835154,0.8411197781595451
-2.017776734723838,-0.7700065159082233,-1.230588418447236
0.21092584356031457,1.681302467812325,0.25890865136160107
-2.2944198911803833,-1.012077496498939,0.9202447952082622
2.071645894596117,1.7412678754456572,-2.386554524903053
-2.274219393091575,-0.1629452968386676,-0.06611569227006203
-2.3086223864365505,-0.8174245261093429,-1.1755293015081905
-1.7698137211372855,1.6256547965888846,-0.15781978228979612
0.8402354002894743,-1.5776947728436703,3.6668185877498845
1.111634976913911,1.6671128733496523,-1.3248070476169729
4.076511670653893,-1.299709345487909,1.183248348538473
-1.8848944557103162,2.0772186938436357,-1.0152448355052872
3.6173437608499754,2.2868939274717635,-1.8425870526097763
0.28362644076718785,-1.2860569014582433,-0.18951809604038047
4.869101142395306,-0.875773406473948,1.1430733416509566
2.756734455504393,2.363663865996715,-0.9200634678354365
-1.6586628701024255,2.037469643363214,-2.1726262463095773
-1.5245175784120277,2.0216710665068107,-1.3394536350174306
0.023348913953104254,-1.3158479184661243,1.5398230444728136
3.3866174456006037,2.1842341013912216,0.6853879477642029
0.7006679055071745,-1.166470034886469,-0.3226398748133822
1.053204350483704,1.6849196398896755,0.4495695709570509
1.2172939579519744,1.553781252368275,1.8209362999775023
1.6382349695691993,-1.0668720578527777,-1.234695883196225
-1.8665810384253831,-0.24533434792148917,-1.1532357845108816
-2.6468333473962877,-0.8689077375397198,-1.2756209991131318
3.452288758415497,2.0397288920891854,0.4213563164940351
1.0606489355400066,-1.115785192749288,-1.0357808651908706
0.25216226305978806,-1.3213234055489251,0.21839697643469141
2.3688572696258854,-1.2177432023484895,1.4184232281794222
-1.9311817207192916,-0.9580239686412356,0.2785793918939603
1.6289238210915846,-1.2439973758931515,0.3006787071388992
0.11336567162587893,-1.4290450155107124,2.4388091698813867
-0.6726317139526045,-0.9706669675719092,-2.081515668611845
-1.8799901586771077,2.0960318601189147,-1.397222355371085
2.920695462249056,-0.5780525592928564,1.4524691195785207
3.8550084903260973,2.4396946394282946,-1.0764479422063467
-1.9690273206781077,-0.8140175533437015,-1.785178087813227
1.0905829073127025,-0.385066827492753,-0.013554939314939158
-1.831658681470415,2.038160461101482,-0.587525338821393
-2.3544205583018507,-0.7267035205714266,-1.3779079659653206
-2.432046831244265,-1.0405196077962113,-0.1974661433664955
0.0856962984030751,-1.0767370975944544,0.3316013416597863
3.2750086836036796,1.7538775533413342,-2.2445227936861514
-2.372362156565076,-1.0064762160018423,-0.8982277914391984
-1.9299443520278214,-1.2300328869242176,1.9841870347150694
-0.12443212498786212,2.3204683207904826,0.16034078314875555
2.500526638643764,-1.1255216195445497,-2.195070105034996
-0.27788535939577136,-1.055035180125064,-1.9756995602280387
-1.0240631817026122,-1.5623553972729158,4.687244565463628
-2.0875019111605697,1.8662535361938046,-0.997455154096887
1.431456812813827,-1.246780402199068,-0.1499127030360684
-1.8033523153770843,1.7786233543266923,0.6641945381845609
-1.7216954042583346,-1.1933710913360345,0.7571955217796935
-2.0819831050244915,-0.8060342043630963,-1.9678328836562708
0.33673161225842757,1.7440446326532646,0.20261023228300223
-1.9167873524732901,1.9576364577237482,-0.6394869810917971
2.8357092337235215,-1.39943523436413,-0.6023065765937603
0.24493024148605513,-1.0787112691061929,0.6435520570106159
-1.9506585896883895,1.865536407182064,0.24773120005342378
-1.638628114156888,1.7149829399450298,1.1280991292229652
2.3953540157680364,-1.186322470020879,-0.812392683238099
1.7063829509430144,-1.2991989004414446,1.1213856230146468
3.334612999032364,-0.5937704558200517,-1.7586839290290865
-2.383525653407395,-1.0099139224757585,-1.152512886021295
-1.5515356787279453,-1.0382039269795231,-0.2405436165909951
0.7287727230417065,-1.2280213465869645,-0.002549169114827497
-1.5418577096154606,2.10110620739439,-0.8665650690373586
1.9609582638451644,-1.1809171013449078,0.7912106863706659
2.191596368863812,-1.1653441675554537,-1.5453573781895857
1.824017212234627,2.4289922436834552,1.5615959299995705
0.36437517022254884,-1.3654137602210275,1.5694373203923284
3.1060079547773087,2.3497940374719004,-1.3697930892934544
-0.19913186090003757,-1.1535197170111007,1.9863391935864243
-1.568271374007477,1.880116359665541,-0.646439337516588
2.879664406755715,-1.039003603646131,-2.3208541665868876
-1.1941286241863298,-1.1407340647292161,0.8953733606094325
-2.3609212881963324,-1.1349778427735382,-0.27237968727165335
-2.141169369682022,-0.8474669263644105,-1.3801617451623818
0.9385000585608109,-1.4516180653465849,1.8780838277028176
-1.1220637704880478,2.2937457419183302,1.5483366576812179
-2.838146113675085,-1.0398404578017701,0.9051327302975467
-2.0789710550843186,2.0669331707149348,-1.4113891976564328
4.324528566834222,2.266810030016406,-1.4413444914058362
1.2258450519015154,-1.229814674821792,-0.8727660675951932
3.1685843741817066,2.4565084575974683,-1.6716557145505773
-1.5253598920588758,-1.319983736340693,1.3210858180718383
-0.14071066454355624,-1.2525263023789375,1.732468885504038
1.0534470731697474,-1.620187832164001,1.8608902563598317
0.27663219497172026,-1.1438145633623733,-0.22701161574933956
0.034389801844318,1.4501376642777886,3.2790385825539072
1.541713540615299,-1.04571640811653,-1.5573927338762346
0.8968178502183729,-1.1306359976358025,-1.2775138010260092
-1.5043508945645674,-1.3009369948254397,2.329896941770033
2.7721646389328978,-1.2690611378833327,0.7490390420754545
-2.92457427623964,2.0454664790461274,0.08422553714050396
-2.5473437110978714,-1.2487298245240996,2.1024163872977644
-1.6947177321131122,2.2558388898012227,1.3603784045348952
-2.1177352230381863,1.6917361639850133,1.566489467250893
3.7124912399463645,1.633421487184264,0.538615542252182
0.995904698650403,-0.6283388326862309,1.4573458796179364
3.291167427150404,-1.174581289285208,-1.611363343221278
1.5143690466972106,1.5134854883486366,1.7841181966499948
-1.3366108779971437,-0.783523489768404,-1.0554360393733535
-0.5472439616147974,-0.9739260839831095,-0.3432458502002171
-1.6642706284511413,-0.19529901074175954,-0.9859879927970304
-2.548909958803027,-0.6917867550439243,-2.0352389747215986
-2.696663237536028,-1.273386209639614,1.6135616594637967
-0.3769474993259377,-1.1600084960560164,-0.05988095398033011
0.4023964863826354,-1.45046907714113,1.1060591647163887
0.05030178102465761,-1.1944356107543983,-0.7043154739250286
-0.9367028153521709,-1.1014424730567842,0.6540139169778013
-1.803144287252675,1.9893199303327131,-1.1804013680539063
2.0249324566442493,-1.4078599435819812,2.026545472336151
2.765580015380001,-0.5114616908408659,-0.30884214474975374
-0.5706037736821796,1.8782666984811003,-0.17580746934682998
-1.986097572627072,1.8615065837007225,-1.1800608344638244
-0.4664424386987574,-0.9152321648151008,-1.976720741995797
2.706353072484023,1.6859140807463697,-1.6087759106225237
-2.75476222449761,1.7440625301937656,1.924847988381448
3.1229211207281367,-1.3384577099819355,2.112100361008035
-2.308423444890596,-0.9058538417891299,-1.1877042858568156
2.6241144087965464,1.647482397534321,0.7139879483136226
4.704678793177048,-1.8559223720823874,2.2265819414179666
-2.303789014995477,-1.131784912301946,-0.5659806187655304
1.4954592997140952,1.827694608743598,-1.3060821365293729
0.23247313054703594,1.8917804041955604,-1.5269713723323202
1.7203292522161029,1.9088997532516232,-2.3179251509059973
-2.065413126732392,-1.090454591500901,-0.9231574798289128
-2.507466162847625,-0.9810890044080832,-1.1444050244894246
-2.342449696341132,-0.7992818289208578,-1.4312700650007002
-1.6151550303702307,-0.9523076380730142,-1.2340870302925984
-1.4055288927485838,-1.2357331818162505,1.2809350313564782
-0.913400974831029,1.8839000306256535,-1.722313030023164
3.245237453414673,-1.326790072588397,1.6276602609697446
3.7366673389334504,-0.815547614957332,1.7599655193360428
-2.260295710977157,-1.2269747418472137,0.993159883765233
-2.1496473483388208,-1.1730842321424253,-1.5374101415438663
2.8357092337235215,-1.39943523436413,-0.6023065765937603
-0.8102020827472278,-1.1957496655861717,0.4050008133232184
-2.5982238471709023,-1.018142477189223,-0.890854627350655
2.845285804325128,-1.424622515655657,1.0392081988310349
-1.9238995749068823,-0.965165103876103,0.3157005629804821
-1.8485063314800756,-1.0385702607906744,-1.0985714162484155
-2.5613018606402087,-0.650673076924986,-1.3863025099920598
-1.6307502771787012,1.7272651312036689,0.7494250573850897
0.4700214670015342,-1.0820423730211486,-0.8199092759176176
3.2907980252659947,-1.0149016495517704,-1.824319630588447
-1.9732363999853266,-1.099187311705074,1.6571753584123181
-2.3607137569596506,-0.8607119407704646,-0.5900730067931758
3.068876446544592,-1.3152593695242314,0.3954760298724066
-2.05523403797402,-0.8130743978269273,-1.4593331359082844
-0.9858872597988242,-1.0517515219301516,-0.24672585604001393
-2.7434261304571823,-0.8432898490760705,-1.1369766289303544
2.140079760484869,-1.363761085038156,0.22305795705452697
2.670578936093487,-1.1511461039091802,-1.752477300916178
2.584993474471376,-1.0410043973419065,-1.3608572998715425
-1.339210211149614,2.075021488367947,2.628534309555786
0.6723695870641928,1.6136920777906416,-0.4355631948092092
2.5217037084133604,1.7380547951918481,-1.8812524462813314
1.9425636404995814,1.6746739086918732,-0.3829323060412649
4.0893206753101285,-0.7255411616162839,1.0665102823410304
-2.1390610578883367,1.7001869749559555,1.5048839281913744
-1.4948120761881416,2.6585344425698154,0.8660511783261831
-2.6032038863121922,-0.7630130794925422,-1.8611208396135104
-0.9532427260335717,1.5154523058414908,2.5528691594822908
-1.6326856473723472,-0.9831314709338801,-1.8038193339982775
2.4546810160054626,2.224470899741935,1.4515329129234191
-0.5972597884154303,-1.0525008110183411,-0.3753908759197856
2.703471265421731,-1.169807240128564,-1.8124029620822493
-1.5385403868130205,-1.3276285663210814,3.022960019738567
-0.7580984489559633,-1.414138463587996,3.413998741867214
2.0565209966855997,-0.9999229708758555,-2.3038357118125408
-0.9495341318801082,-1.1055014544160724,-0.32726564531566316
-3.0285336358665385,1.7929008722174045,0.02729840535574442
3.693917919132053,-1.4508327939293262,0.9487672255471511
-0.7547676836826089,1.6827731879340928,1.7242761100687392
1.9837398667074062,-1.113336777131706,-0.4385022128085519
-1.4733636994417565,-1.0846626284023024,-1.573993718062821
1.9816149640287417,-1.0631386139010284,-2.1861158820375657
1.3061723603722197,-1.4649344138689206,1.3351898307749797
-1.692652907564716,-1.0418946059371343,1.6235689604027037
2.3008224533227466,1.6266437210023934,0.5790427169612862
-1.6378838746021984,-0.8720252043600336,-0.7325024034381008
-0.41551908003008653,-0.9289960931681717,-0.6196819622659427
0.44529193997068434,1.8020787612032014,-0.02429075695916545
2.7777428617396795,-1.2153445387423367,0.4880650172303566
-2.4300920999176916,-0.9703814196630823,0.3088571735831877
-0.757128148139248,2.2145723651215614,1.4878585731238498
0.9906147251341187,1.754465428200219,0.4678765606524174
-2.246949100566732,-0.7851052399648787,-1.4198710626876128
-1.3615468010154455,1.988895510821234,-1.8226253723117434
2.2822411854209297,-1.4534158430249335,1.6739534560587432
-2.3250327415183802,-1.0126707216413422,-0.615714137764126
-2.3441165861688678,-0.9638804602177417,0.417354020614857
1.6619703964890933,1.4610096748385741,1.2737864309733373
-2.328509077449132,1.9818351490422406,-0.8137993590431032
3.2530103767180263,1.6813653205044934,-1.565339280086525
1.0826140560669604,-1.1215553280683912,-0.9377147648396627
-2.5215305643792134,2.086916805273585,-1.1541024230710593
3.275331582413219,-0.4308013041562577,-1.9762843421327856
1.4743475476091188,-1.2248601517914024,1.0103251717291728
-2.34150288649429,-1.1797479697377766,1.055211612807366
1.6984222664960102,-0.49199413617635424,-0.5716528024548829
1.8630983150806149,-1.1841245188283567,-0.3553539124823397
2.987716946638277,-1.1274149983258872,0.22953612231338655
1.8059793719078285,-1.320603854130675,2.135022876203286
-2.0692352484378285,1.8350460499545667,1.1302489088641958
-2.1193381894047727,2.0672199417791965,-1.5802387077708118
4.497666712326003,2.262733628633907,-0.9756531735330791
-1.18806241215837,-1.0250979821652462,-0.23969573122586982
1.0844173090168738,-1.2452065601577071,0.3163661684747067
-1.856382788953451,1.9016542945956088,1.233529712873713
0.9167116403651812,-1.2621572823277936,2.0365872371343987
-0.059337577125945624,1.767377003688678,-0.6339741931985152
-2.2257074573675237,1.8174538703556953,-0.4624341376436758
-2.7012605661801854,1.6800048448322886,1.8481188379149038
-2.047923417862074,2.7039576900027296,-0.712695955162032
1.2436494045648956,1.3987092672250618,2.3965501158015377
-0.7284427282055781,-1.3283509339916562,1.059692525813869
-2.3449999879023156,-0.8762402296983993,1.0033482906200097
-0.9815229135308335,-0.740065459545064,3.356734483469511
-1.9600088401534572,-1.1655153093277526,2.002163173643975
2.8762031389297587,-1.1683656854193247,-2.2158561294444814
-1.5158683380766707,-0.6065534808700781,2.3356888797811086
1.565187491809917,-0.9565697666153787,-2.002880048489172
-1.9487774164589553,-0.802394540669631,-1.3311418011354093
1.794820043189103,2.4848238963531886,-0.212129408927474
-1.7722768965188842,1.838161624340941,0.5590010588611216
-0.4420515244916024,-1.1468415421850506,0.8574194161103204
-2.2576525518422574,-1.081130614532972,-0.6615387114307053
-2.095832995510849,1.922153661800009,-0.22256163598261858
1.5666566426802486,-1.4596719855804252,1.2467895590626417
2.3087695624167734,2.3140136497939654,-0.21813411365305768
1.361229464439998,-1.1795140583645372,-0.2820647803798745
2.381991472058515,2.274076824389987,0.5829688472290303
1.4104088952308664,1.5510610481604523,1.687418294591534
-2.322057122730911,-0.9559747820004734,-0.12178266056422053
-0.41551908003008653,-0.9289960931681717,-0.6196819622659427
-0.4218486214169697,-0.8753613716575143,-0.5572400872285429
0.6688722539541291,-1.337126934268059,0.415664744626707
-1.9194324179247517,-1.1600389062802228,0.9098296428368172
-1.9346485371262296,-0.822258803350768,-1.4855295039707719
2.576688618897322,-1.1405939099855102,-1.0206629223401391
0.3995935080030429,-1.7407174711905928,3.9949319846840456
3.0755880115472607,1.7832036033375924,-1.7190804267050745
-0.3076446060565496,1.6756914301748633,1.9780868124508246
-2.1200488752967352,-0.7865894251290886,-1.0806398654764235
-1.6704014912645024,-0.9549961745400981,-1.1451299288459107
2.817927810587511,-0.9445348811815291,-1.7806718504141164
-2.964845837469355,-0.9456212556935585,-0.7105314453725264
-2.4485824601855968,-0.8221420319542078,-1.0381970471167483
1.4021503162353548,-1.3315175805036064,2.1224531811727525
-2.3670277370269677,2.031655696494149,-0.5578900911484935
-1.8223458644210428,-0.928884483887997,0.8702231077322193
1.284293064128345,1.9733289764714999,-2.053139282265548
1.5080138502275455,1.3676113892415815,2.145849993701517
-1.7613207951809797,1.7499077855385876,-0.4645738535967364
0.6524562345405261,-1.3054062632276318,0.2695442878479847
-1.172257214063951,-1.146588455767084,0.1474115552042455
-1.4481912405462878,1.9734413288144403,-1.072570732915894
-2.1380511177263215,-0.8577653550527238,-1.4218161386369157
3.1337804131420395,-1.3299711216411247,0.789816279014677
-1.3350566860151418,2.715074652726512,-0.6084153476088205
2.665786704651452,1.605636160740391,-1.7502919851771483
0.4812379973315854,-1.3052511670249523,1.335463936830772
-0.37081070150226497,-0.9194950093353526,0.15512384309018087
-2.122274671417701,1.9316451385703695,-1.044463461775774
-2.9861775972622806,-0.9686044684535264,-0.5736749868897077
2.4404469679412477,-1.0235744691616715,-1.950727215201368
2.9680966563334232,1.625945039207154,0.8583392723508388
-0.9739044245786339,-1.1693698323856743,-0.28116343114956793
-2.0724259372339104,-1.2779876812955173,1.1493415597704058
-2.1331671778341215,-0.9406840287374714,-0.8980084500386724
0.44481800384158704,1.9515605041962354,-1.1282846735031902
-2.1298848546483717,-0.9857304045961557,-0.767030640227463
-0.4776664282747723,1.5723418351195628,0.41563695196610423
1.307578662089996,-1.1247730996708347,-1.0396012632545397
-2.222684521096115,-0.8051781456008037,-1.6390827059943103
-2.1410297081083325,1.764893924597023,1.2732944634392278
1.155393782193325,1.5266621249815895,2.7571530499159524
-0.003973749996128066,1.6821423666049122,0.7525843300308543
2.090078039684541,-1.030864355070953,-1.6232765014389847
-2.3120148663851054,1.8630259079239269,1.4132004043183362
-2.3527699619448237,-0.7058923486304853,-1.7534219153942971
-1.7479233545643582,-1.2898372063653947,1.6121238060846297
-1.788670364201701,1.8773334486459743,1.6404325752639504
-2.541129185116419,2.146620228880875,-1.4634486084316056
-1.1304854653150742,1.9455741288768695,-0.035139308502084646
1.6584258772312288,-0.8099450609150034,2.1120278811078457
-1.5534647329097668,-0.37369209264992354,1.3494380320141337
-2.5018773840432846,-0.7505218378391532,-1.3840085891955083
1.5984824091936105,1.6734171731119478,-0.43869542929837135
2.9860482257609404,2.422272752869708,-0.33160544256281244
-2.2374702897406205,-0.6951605607326762,-1.1574321068228655
3.476293632904509,-0.5115315632977692,-0.9117899166134382
2.5765404329561665,1.8706960439003009,-1.7112396884725
-1.0584687596257276,2.145572738827732,-1.9526119464150233
0.6254821428936622,-1.2645701806957974,1.7985751802561716
1.0127482050134045,-1.3867672599538814,1.2013947067501722
-2.4339614681508484,-0.32196378736793685,-0.13539208062570776
2.4566967412576806,1.7513134770908207,-1.8133390629947375
-2.09452291355817,-0.9685860528788943,-0.9886277809995868
2.5850293911608095,2.36216221872132,-1.6178828057299661
-2.3711316261518656,1.992628675529379,-0.3472912992267675
-2.0921360855016777,-1.0570598202391561,0.30806802645745374
1.8116710655772443,-1.3368736540004753,-0.6847102504538463
1.835141049401407,-1.0994256984316655,-1.1471416758928383
2.139202814610156,2.1564910236611112,1.326867432177675
2.311697489763791,-0.9788669228011484,-1.8153089973838117
1.1640375112437515,1.5635668878648095,2.4659126669736087
-2.483993350238562,2.0097142801792014,-1.3422674815729208
-1.2114255258425108,-0.9454730687604259,-1.162071645156873
2.3421407683215856,-1.1594572475670575,0.49169599531609437
1.3839027321432824,-1.2643658508538944,0.4380831833506982
-0.1732250990076544,-1.359279273522668,1.6744763533792615
3.69348243002932,-1.1592994617710235,-1.4357828239133092
0.9884534957531287,1.473092610605874,1.4145328968397959
-1.9644923882854046,-1.0041707274684075,-1.3218151077366715
-2.3449999879023156,-0.8762402296983993,1.0033482906200097
-0.6466149415103635,-1.1848708590316532,0.5564552480724758
0.8239374271848114,1.8086466665484544,-0.6059092829122665
3.578428083030337,-1.1887055993673497,-1.6462286715497598
-1.9896878787454577,2.0374032485644555,-1.1197320657909884
2.419459358870123,-0.9949583919230286,-1.3905618669638051
0.24308155951764113,1.7209372549788509,1.4763034858193718
-2.359316693834135,-0.9889566946866456,-1.2081967267829263
-1.657690774931629,-1.0364596976519185,0.24353838126520894
-1.5800949983275807,1.8185802154659665,0.6248038228805592
1.2005152774246268,1.7493967495310812,0.056685816029770096
-1.824093972563631,2.3286594310491795,2.352467013574741
-1.833287792852202,1.7241964611567178,2.15066350932498
-1.6814948587365766,2.786288461671987,-0.9242777235074113
-2.3207788347321068,2.233876349108454,-1.3245212574056855
1.5202950977820149,-1.3155737289517133,1.3444699939061926
-2.0280311397758526,2.018383022294925,-1.3430085981668438
-2.6053215453059266,-1.0058660061776243,1.3542115448958973
-2.6187310774759296,-0.7552036769983284,-2.009283091200017
-0.6517756531752272,2.004655252978188,-0.4107270901387961
-2.696663237536028,-1.273386209639614,1.6135616594637967
-1.5457826130541328,1.8313591934794202,0.11600341531678797
-2.094739980837908,2.063430812113679,-1.068650196013766
-0.0487272808848515,-0.6230652994700823,2.034597489623277
2.0904790073666293,-1.2784609796840596,-0.5831816199437792
-1.3212432645442942,-0.8854478716191352,-0.8478712586236914
1.2173060564005402,1.4137187385084178,1.8231156169080016
3.253461378611887,-1.040394505056502,-2.303074962015072
-0.3323393279245276,-1.1506543582499544,0.7094854506153764
1.748382451299751,1.87035120795358,-2.385260342205921
-0.2558982852881079,-1.1718465584890398,1.0524310879561312
1.6025133262394804,-1.4981752355141646,1.0480825627366621
3.09015129519741,-1.2408108984891306,-0.09834649135381185
-1.8841019355407675,-0.9087823341838849,-0.05417745909743982
-2.2969591538493375,-0.1082727005012097,-0.8593383255279665
-2.313168468498634,2.1620095250310145,-1.4958185315167258
-2.1137528326678265,-0.4113581650715922,0.388415009146715
-2.263651539622706,1.6611209808166125,0.758855201739155
2.277395863056157,-0.9900417326922504,-0.7986401351345294
-1.5331346229375347,1.7656821944742305,-0.4786812459275275
-0.7960968173080474,-0.7998386424496687,-1.146518291176547
-0.46650781200812946,1.8531297055184461,4.167926771875683
-2.048595233852115,-1.003472878430364,-1.4437696726036693
-1.6141082108836837,2.448397201003994,2.180516855941516
-0.6966099487285825,1.570397200640613,1.7232894862989752
-2.283031813558004,-0.9243266004822307,1.0909860038558408
-0.4393836664823761,-1.0792155010200695,0.1674435129508707
-2.1168481715425633,2.5019803050990763,0.33428915952848615
0.3363424017587247,-1.0068101186775331,-0.8084850835191238
3.2268106011746553,-1.4664078296816847,2.464209113008165
-0.6359784008159296,1.9457892338466785,-0.677027652297208
1.6578117000759938,-1.1730193221768876,-1.0077458386045037
2.8116822794701113,-1.4813539493901093,0.4631554158499611
-2.237521154143195,-1.0052551695223737,-0.47336680136862763
2.2602949527819125,-0.9569010888581453,-2.287096858448509
3.9860459427000094,2.3584444686990635,-1.036822893703367
-0.17972544665975757,-1.4255408513080365,3.6094017170288852
-1.9365541529669872,-1.0566254432291282,0.7896463483905956
-2.0819831050244915,-0.8060342043630963,-1.9678328836562708
-2.7414656942207,-0.9870995090208463,0.26809706243105014
2.876179105089333,-0.6726603727526261,0.5906638555108994
4.310432517586485,-1.4217945589534806,0.9230629430329659
-2.6770441419259465,-0.9929765343777976,-0.47860460219966217
4.050244063467226,-1.20330250422946,-2.254637904627362
1.1182828452570734,-1.0451353318761987,-1.6979696484473408
-2.687367253677462,-0.9645239145073008,-1.1779048552510412
1.8651571380237408,-1.1238314905250724,-0.9579881580379741
2.9256013686473876,2.198355560512227,1.316207019980355
-0.521909265214807,-0.935087291629034,-0.17660956803341635
0.6167665193775448,-1.6929268030784312,3.1689512718080692
2.2151174978593557,-1.234832594508418,-0.9547469597229059
-1.7374862020008268,1.980356782364114,-1.396535902338743
-1.2601350315856898,-1.1260145365349241,0.876137395553527
1.219027952299064,1.6790594672023686,-0.5175862059605998
-0.08139916742663307,1.6142198317808043,2.3099393438790345
-1.7071949752915927,-1.1387680853512,1.0811159001393855
-3.06985908602763,-0.8882995375576688,-0.5155950979672119
-2.480546531167399,-0.7079456886389758,-1.7672540027089285
-0.467789029697372,-1.3197739834873987,1.0333534408794418
-1.6790277927939552,-0.7911006212138083,-1.559067624065197
-2.3207788347321068,2.233876349108454,-1.3245212574056855
-2.480302558343606,-0.933132239277566,-1.212983003458479
-2.0039186354637004,2.1084907363695606,-1.3932639999042602
-1.3112175453640098,1.7083068114922464,1.3507683003328164
2.631542648383104,1.7061471917548916,-1.9158529852409805
-2.3883430844567157,-0.7321786426774606,-1.1387985667220497
0.5175160340058428,-1.4232221938730778,0.962590618445841
1.8548750326867347,1.5593315619346815,-0.23439043124160952
1.4754542383570122,-1.0609132540879,-0.311266565305231
-1.3868489536822306,1.813293847920428,0.8453204417864492
-0.14094129921667473,-1.3429289341542618,-0.47882406451070425
1.493436792743149,-1.0560026316534774,-0.15711845915075245
-1.9128157371916703,-1.1723664995572318,0.8547276075748146
3.8527648295862145,2.1787640813392692,0.3693179749525088
-0.7061139940298311,-0.5907209989782725,1.6532184769454372
-0.02671637688328264,-1.1760020022302304,-1.4994261726673623
1.8245740011453326,-1.0918842249144298,-0.9149833229519813
0.32409307877315163,-0.5084379941508937,-0.2942253264884373
2.8514421634906957,1.647811331302677,-1.5142585054106055
-0.9988084412401151,1.6936325899020324,1.317771365867386
2.8762031389297587,-1.1683656854193247,-2.2158561294444814
-1.8551069924271761,-0.8808612383737385,-1.3530797689314502
2.74752607107741,1.5142732126767806,0.06351327350600637
3.1190370919451524,-0.6929595655140718,1.1896965771963852
-2.25227493336279,2.1797452679745217,-0.9333484302652295
-0.04788637262957614,-1.3113325828889255,-0.24382666861832775
0.9738118300756206,-1.3233452976039095,1.9357556742059163
2.8084990674872965,-1.2371133849574802,-0.6220575302510104
-2.0183676423654315,-0.17285850290614196,-1.2277309189854517
1.5888384594382916,-0.8241367856425429,2.8220674053381707
-2.4243600927448683,-0.8857953701887402,-1.059084714189766
-2.1764835129200066,2.0760951727563195,-2.11385675961251
1.5343450865329473,-1.232136016781903,-0.005900512114137819
-1.691822180227929,1.6219127849045725,0.7837699489569065
0.2638058324090174,-1.241566323391261,0.8203158328756783
0.3651937352278556,-1.301661653083282,1.6928399660155504
-0.8138046263167211,-0.9777929534814364,0.2727879812621348
-1.806832959568974,-1.05034303636374,0.5968618129076739
-1.6066609222934987,1.8183377013308895,0.8732079546580813
-1.0962959287223109,2.661157183080286,0.06430812793629291
-0.8129231007726005,-0.9871903644546437,-0.9935983244565827
2.338768897861038,-1.2536559174390418,0.7503404491794422
3.957727263021516,2.0875975296205986,1.565656884354254
0.6390078035463473,-1.1763237766369519,1.0705476039601571
0.7156757929448994,-1.130349828671642,-0.9396836092359673
-2.5227211377661143,-0.7812639493499187,-1.5870589898783103
-1.2702528887246765,1.8593000362056835,0.07974453318265383
2.5311023640773196,-1.3138309872689298,1.7037104593201433
-0.8537529942548947,1.9358302032224721,-0.6314636508560346
2.7327376486150476,-1.1390509850061785,-1.167462284190098
0.010603575587528275,1.6681000800676122,1.884873926294499
1.2660681538816447,1.5361469520708575,1.608615325285463
1.0927022293501725,1.4589633534141002,1.755846591229743
-1.019995347281011,1.9638869961840726,-1.8781199563869335
2.044488560570397,-1.2529804456601803,0.935371784339911
2.370698080096776,-1.5889238001495223,1.422701360120738
2.2305356313894684,-1.147823501202138,-1.1540919596929597
-2.4888691981043043,-0.9305860027689602,-0.34287833242978877
-1.390839742306244,-1.0755525663210608,0.7572241954246508
-1.8434758441486574,-0.734732134392723,-0.7089324860133778
1.1801579872963432,-1.2009134580223988,1.4144180482220454
-1.2601350315856898,-1.1260145365349241,0.876137395553527
2.425333889501488,1.7514941928679901,-0.07346212168298567
2.074387060244003,-1.1546828066782577,-1.7257632969152692
2.9287562209770273,1.7850362108037754,-2.2424657803725943
-1.4383103376848951,-0.7016500799155113,-2.1596194381701888
1.017685693198523,1.6245721039546959,0.31400862156089787
-1.3273375548524302,-1.1157626650642927,1.086654519217221
1.7921937266349555,1.8086411440681087,-1.0644834428446832
-0.9541590935027585,-1.1502274702934163,-0.4388580916896051
3.4518074248101267,-1.427431921171738,0.27776744724382507
-0.5534249166186522,-1.3002512514751534,2.298786925097854
3.6690057782576213,1.5854316465882115,0.6425793490233238
-2.1266089501171335,-0.9347599344147476,0.013280368934226074
-2.306563063261436,2.128782626702645,-1.7227568729401503
1.817578589033155,-1.0462706361201943,-1.7016494012184835
3.133828470845111,-1.4235775613658455,1.0114396501169822
-2.3469418222439975,1.8825125850740416,-0.8238647406826101
1.5624571239231695,1.6915912851522408,0.01522203062038112
-0.3215957973162615,-0.8055672319014459,-2.0403284276160165
1.9694149528580076,-1.0257900630294525,-1.1582826768799621
-1.4047886508097307,-0.188886184977686,-0.782605163765969
-2.3274434836567797,-0.7117187649797725,-1.5730943650750737
2.7495952731585898,-1.3395424898393238,0.5635925639933572
0.6317515356726014,-1.199061933367739,-0.08194287033747583
1.8404471703991696,2.03517212283217,-0.7905320482989815
-0.7496824680403329,-1.4623752580747509,2.2893535059924703
-0.18347425006799498,1.6451624718388898,0.27463278682106185
1.9547071332647479,1.7423086148217934,-1.6028194370470183
-0.5578150219676554,-1.4577231910130235,2.3531244907130837
-0.4935353574792076,-1.1097426322706128,-0.8601716194512974
-1.9854560881084482,2.0642344288703085,-1.346542595652707
-0.5867988642507402,-1.296173070634867,2.1265751950382077
-1.3143226015145903,-0.8664579336132141,-1.5808273390378187
1.9934990172026192,2.405968627382633,-0.9717529188890501
-0.25591619727519144,-1.2707042529111825,-0.36228552917591494
-2.093462010416806,1.798428566861724,1.0852356586933023
-2.6065453584977676,-0.9907569923739805,-0.20487220632271133
-1.085610526249508,2.0273382265409943,-0.5279276472175267
-0.4347867810463214,1.8426386691681649,1.2287351392224712
3.3648988001641857,-0.634696367226106,0.8728705768780938
0.9680775549520765,-1.0642575489602613,-1.4234081905256288
-2.300143197939679,-1.0378338597880317,-1.1665532455096375
2.9371768822237367,2.319442111688776,-1.6230287393229954
-1.3883370948018678,-0.8963148377032399,-1.7554150140329885
-2.399677915728795,-0.4136927389518831,-0.13999469218898114
-2.4922137269850495,-1.1234543964930748,0.936965946572569
-1.8535263954101362,1.6178277797448615,-0.40277571743280177
-1.8608319283611832,2.677419902203165,-1.0767943768155133
0.39622916931509167,1.5441492604395837,1.29162324025914
-1.5489083268498927,-0.7597596046408277,-1.4428052639243047
3.8522771510033578,-0.8836107354537458,1.0505529775485267
-1.5486670049673839,-1.1010041588296835,0.6977401315465072
0.967681365012363,1.5935849311774632,1.4552543016855757
2.8078552472795573,-0.9774922265087385,-1.9303647418514585
-1.8958264035428087,-0.9185606215309369,-0.77955202145607
2.943176048619826,-0.5680630463050834,-0.5994108918185315
-1.6605385794452983,-0.7900950248363539,-1.6700202919883795
2.9238827941627004,1.8293868450858757,-1.9661288786842608
1.9505428023798927,-1.380356743152746,1.497427350860917
1.0382044934595636,-1.3914722048450863,0.3712737185106315
0.05929382102253933,1.6047380076607534,1.3225896340203258
-0.27667901167989245,-1.32679553187756,0.9796553789836319
0.571106520149186,1.7469587745549588,-0.022047764803607133
-2.1837716170966344,-1.184277696765451,1.1789567735849942
-1.7753201361610946,2.08166599611605,-1.5459673933974476
-2.458947498270179,-0.7933707316086641,-0.9324032644197912
-0.8265336530074995,-0.9330575926140804,-0.26676308479884203
-2.335019730146044,-1.1674316047274804,1.1207391067847206
-1.9140983622089227,1.8486890532149394,0.10529135050934925
-0.17324756310408315,-1.1643719848149046,0.9735261621809251
-2.0983218239853505,-1.0145319912015205,0.8184611520532121
1.6155549843664032,-0.6925815408961185,1.8909354717832367
-1.6584189254281272,-1.0121453652712553,-0.6641958398116
-2.9115951571648075,-0.9257404236717698,-0.4167491415075391
-1.6000929332368037,-1.2056800010910234,1.2347674701635314
-1.179098942276166,-1.4049603884002864,2.438312997191682
-1.3221392098514553,-1.2524851829577126,2.037075419170427
-0.8436295051817276,-1.1465535092966943,0.6091553348161683
-2.572114318945375,-1.0772542307603021,-0.20328987949644575
-1.2694369745556555,-1.0197975673470763,0.9302551105786947
-1.9109750669295262,-0.8765588018415827,-1.8146040516967585
-2.2557200956002235,-1.1727427506934769,-0.055622607588623446
3.9174630342472168,2.3381439375686894,-0.7109168670489601
1.35778344004981,-1.4214330311237975,0.9399415403363862
-0.16184504706363004,-1.110855598557854,-0.45808410937219546
-1.2606371387431474,-0.8694251469240731,-1.9986098433702442
-1.5806816179859189,2.535938195242665,1.1941883522590098
4.309258129341581,-0.6337760927863476,0.725738426002619
2.967948194457722,1.4917734671213851,0.295227530817722
-1.7743014739878478,-0.8113925756398238,-1.96529806922962
1.1584661038677095,-1.195840729279408,0.06238037170352839
-1.8535760880228083,-0.4440396527383529,1.5675674205198151
-2.016258005602037,2.074825693595906,-1.0478626570836373
-2.3918422234714587,-1.096215766558264,1.3560974279175368
-2.249104447237752,-0.9757249481678762,-0.3304625276421787
-2.0320117670808076,-0.7788503394274039,-0.8114832049226341
-1.963549951192035,2.077545836502655,-0.957739067812694
1.2767621711371682,-1.188377898766562,-0.4251886182106338
2.376795227889035,1.696771348048398,-1.6870990020687635
0.500235592615199,-1.469869006972504,2.280078456950383
-1.691364176745948,-1.229974586783492,1.9456084250284542
-1.8523537132582408,2.4966859337487874,2.370793651020295
-1.4806564044344503,1.9024105947404397,-1.6296127619224112
-2.760505945659011,1.8851316943109515,-0.30560252888674583
-2.4457021721623087,-0.8829256983197068,-0.22003369240366927
2.1527461964094887,-1.1593519868130446,-1.9046551618988496
-0.7214874473244548,1.7755406073082076,0.8688742800434717
0.41163162462667,1.5896952240380704,0.9136586428861085
-2.7836411575205218,-0.8578315823476478,-0.35757287852378944
-2.9861775972622806,-0.9686044684535264,-0.5736749868897077
2.058005738259969,2.1221162770300666,1.9644635459679392
-1.1327528107742357,-1.131556392278543,-0.18165275561419716
-2.7346345555911267,1.6434335442507262,1.9280537841102534
0.751233732881232,-1.2842940624005277,0.26720704212094637
-1.5875110899790832,1.9824787221848403,-1.2399426677300056
-0.20169251249957973,-1.2302529446808625,1.7218512210292456
-0.0785942277133981,-1.2582621746350278,1.7334241994260242
-1.5047340752691447,2.0889814595820133,-1.6728879872756737
1.8379860935387384,1.7199152838945257,-1.6442074337724435
-2.3042743356821918,1.9004004459606016,-0.6824494619460699
2.1313898310020956,-1.248368314946559,-0.49696877890300795
-2.3113160590182265,-0.8094948918814511,-1.383488907660006
2.140868094866898,1.7406338189639903,-1.0770157929585535
3.0439744009154808,-0.6757256734513555,1.299861989873999
-2.366755117563493,1.775652151900898,2.004863761672509
-1.7889493353695267,2.0259491254993547,-0.5239108487632307
1.8347705978647266,-1.3825596096512633,1.6179235446524358
1.6563608173781346,-1.3043259073892208,0.09439638283744538
1.0382044934595636,-1.3914722048450863,0.3712737185106315
-1.2477820362843843,2.449532492475634,-0.19748065421790773
3.374322305773931,2.4068113086354566,-0.994668123776967
-2.595656412141644,1.8875607550893168,-0.6141724906528311
4.08052677696226,1.6017034170141344,-0.6903952509606321
0.17542025611152234,-0.9627730677037452,-1.0362087431538425
2.132613452087722,1.986761626397689,3.3593372563752038
1.5380261760527179,-1.1732607768832717,-1.3704483495462383
2.0904790073666293,-1.2784609796840596,-0.5831816199437792
3.0083967356498382,-1.4143241038421193,0.5263430527749525
1.4756506720750011,1.5310827262341098,2.5063996717114367
-0.04457145608391062,1.909870184643527,-0.7266878169728357
3.078664117121785,-0.7741330477217789,1.2228163327081978
-1.3754610470562274,-1.3596852546384879,2.2378872905126377
5.0193382403431945,-0.6409181665114142,-0.9442334575365472
-0.268219571634743,1.7035333308826284,0.866452641216469
2.382014846305922,-1.4790561839747032,1.1286908668643867
0.5195169607020844,-1.1102260588880912,-0.71070015552578
3.964687559746805,1.4881961940879378,0.37724043240324306
-2.54326883994502,-0.660114031875428,-1.121202254113338
2.1329160310296595,-1.2152924992583465,0.12783462320618957
-0.5922773432129981,-1.2946974298920306,0.44639362353999656
-0.4552691461100195,1.9499968245364876,0.13963234049081819
1.2465675613261111,1.8399484668605361,-2.8454959796200825
-0.7708480054698896,-1.0876742376529767,-1.1204513183014606
-1.18806241215837,-1.0250979821652462,-0.23969573122586982
2.5254362105010086,-1.5126459454659276,1.7453156277360575
-1.7316293583743334,1.4905208400086858,2.1284088262656318
0.477996086741784,-1.1535092334024717,-0.2027136964999898
-2.6187310774759296,-0.7552036769983284,-2.009283091200017
1.8099015197254464,1.6532073621706713,-1.2837348527459642
-2.184774793540697,-0.7535773019171108,-0.6282028674058511
-1.7407977192495154,-0.9856699317748471,0.6889493048724551
-1.984422422015949,-0.7231556131063211,-1.4338398673053063
-1.926834915171031,-0.960490524859219,0.7721275350329626
-2.4641376811776396,1.9514771045901038,-0.5727954463296462
-2.207080009075353,-0.977453894324382,0.9540531058669326
-1.180204895175643,-1.2869855475717376,-0.22290004153118106
2.0315995723049873,-1.4474478292241697,1.5809378279131598
0.038626117776860314,1.359363215190055,2.319591568354353
0.9696007856618287,1.8213777395295423,-0.49741942855191557
1.1582330944573653,-1.1035004018798835,-1.3724005325933109
0.24308155951764113,1.7209372549788509,1.4763034858193718
-2.9578864672583687,-0.844765251994763,-1.3871116235392464
2.054547726439905,-0.7468559282051276,2.514311587016306
1.6441515332693162,1.7656782535044868,-2.253247539825764
-1.9146123771938486,-0.396411556887145,0.572157948904941
1.899299836075781,1.6160905464171071,0.28589603393555274
1.5730063580839033,1.7468992622077686,-0.5908183076568994
3.525170171025269,1.73112096857839,-0.36748995309605703
-0.6997325506746022,-0.947876950726661,-0.4368916904916478
-0.7912923218515227,-1.0715983322926272,-1.146629356967289
2.137356122059494,-1.089064139381857,-2.346002666197726
1.1753835176625198,1.5150836807485413,1.2352014205943345
4.197433263353044,2.0838187963611583,1.1847578652506472
6.212979956670233,-1.6205953165119833,2.3894442796795228
2.7713566328378607,-1.300723079434648,-0.33412739017794263
1.7647969415683296,-1.1471148262183029,0.3201342694706042
0.6778559628979617,2.050094077316426,2.7909939709513525
1.2217419110554806,1.8791509757021232,-1.7955561700754985
-0.40962852704909086,-1.2716362718431538,0.9321778199310062
-2.1493666844486716,-0.9403055074370934,-0.7108505235231235
-1.2101343898243546,2.2207957647265215,2.621923976875848
-0.773986437653518,-1.3143122635069304,0.901904761352659
-1.8403243139431444,2.1702507761569527,-2.445650893739316
-1.9747779026519567,2.246057473720159,2.703344557050423
0.8230462395627341,1.8496895869091319,-0.8444337137839267
3.0255496647267672,-1.207335720420579,-1.2337152331536831
1.1795410689434613,1.6768785070193437,-0.7417556497099446
0.5421447677414226,-1.1829989593963999,-0.9034455753889761
1.1048754385967192,1.7551569241570635,-0.6403088082270966
2.9733867570976114,2.1900052025205516,0.22817066287411394
-1.1787321516670335,1.7200596567683253,1.5210009569686203
1.835141049401407,-1.0994256984316655,-1.1471416758928383
-1.1026442244923018,1.7254086789587055,0.25449940000316285
0.20215366718043792,1.7586842338757762,0.005716498857155654
0.31365377139529715,-1.3692505376944393,1.4653892020794834
-1.5534647329097668,-0.37369209264992354,1.3494380320141337
-2.6536233201162487,-0.6653895873386322,-1.6728412061941267
1.5212996126303695,1.508678407900436,2.244999322116655
-1.622928268030241,2.0907984469541034,-1.0164626840011763
1.2213115635381275,-1.0919131680375358,-0.9190375115390408
-1.111710223378631,-0.9452075245791188,-1.1540536901591194
1.854404381734914,-1.1518150182896372,0.20446644671327588
2.5763738098308133,2.2298483617615457,0.17073533584348252
-2.211379235917559,-0.7614905872890159,-1.245391611500759
1.7265848345250132,1.6016374669522582,0.4509116882409286
-2.208714199867789,1.9318715299868363,-0.891302678505977
1.1525144658690678,-1.2014030544269907,1.4199763079071683
1.2657891370149075,-1.0979459720057925,-0.6548849956699105
-2.524753701198998,-0.9991242603983778,0.42255680224182496
2.4517395876970474,-1.0144455576863927,-1.636849727205797
-2.3093439859867244,-0.18105905281614637,0.24504868383105166
-1.6326856473723472,-0.9831314709338801,-1.8038193339982775
3.2394866466850205,-1.2552561345366309,-1.5234563552879945
2.999649930583048,1.5380154543771403,0.1617911546344147
-1.0399989249896786,-1.5037035066914706,2.921482231595881
2.6669168129473477,-0.9890012544296808,-1.4491421963487883
-1.9275156636937518,1.6886424000446998,1.4141974301360498
-0.6047119337705599,-1.434556442479365,3.5541129631257684
0.28362644076718785,-1.2860569014582433,-0.18951809604038047
-1.6053796905362692,1.3899410255079034,3.10569366784347
0.8309026265970616,1.7447384182408974,-0.5629970241379632
4.00915097173335,-0.7440153497090334,-1.2586125809172082
1.4364882815280051,-1.0684756084057487,-0.9957398504776342
0.6245973080321057,-1.3763589383293762,0.7521776254397872
-2.9567231309980078,-0.7980230652243164,-0.839842805453356
1.5527264715233204,-1.0113645517794438,-0.6733351779458361
2.495110494056573,1.4270223128077673,2.3701087586733456
-2.143272644245698,-1.1259045290505976,1.9323380824380902
-1.7593215030736304,1.4437675380579724,2.0387264305327153
-1.8652423432114629,-1.042947314156484,-0.5274397734261926
2.4523418629919447,-1.1357873184387053,-1.8532256361887869
3.197825239565926,-1.205038976614785,-1.5418477593618503
-2.352049737438496,-1.0287130407052516,-0.4982876209975811
2.7421273979594973,1.8174499251260228,-2.4436732103655894
-2.1269316943990657,2.081048664345098,-1.3340804910748307
2.8269944202998216,-0.7061310448562004,0.4060128329519055
3.2161449096670185,-1.339623373556958,0.1780035336490399
0.5365120199928878,-1.3986239158280598,0.9510199979907243
1.8099015197254464,1.6532073621706713,-1.2837348527459642
3.089610135011292,-0.4792494973683574,-0.41642511763025286
2.4700140599052816,-1.07864229049898,-1.97131655191648
1.8710527600352143,-1.1765028040299002,-0.477249825039054
1.518274406796135,-0.7189148994436444,2.53841210117675
0.35988791164749445,-1.0955782931343094,-0.29600599123708177
-1.266269210013556,-0.9961113589255588,0.7951737159700522
-1.1798518513444052,-1.200769895336311,0.6233040023675336
-2.248252936105181,-0.9350556924827716,-0.4351281691849662
0.42502722470014936,1.6405331769491536,-0.37512720967558444
2.5385903259610942,-1.2056896052706343,0.2832082486373455
-1.4934785294502315,2.491046136196909,1.3806864321271433
2.585664654108776,1.6660265235938383,-2.040497724746764
-0.8328438592616678,-1.0450071265919452,-0.7749844629568945
2.6621954269690615,-0.9068659654749056,-1.7668333707463602
2.7294518934831626,-0.9536949991414881,-0.9061740757067338
-1.1954824570297593,-1.1395467248843618,-0.781923822873853
0.12465845252066529,-1.3420788695180828,1.9896109644261952
1.508042768202676,-1.1062945436148373,-1.3110981948114053
2.7859514082142094,-1.3779901586361551,0.9289233147291421
-0.2154307174820977,2.236009825856644,1.5646194854588642
-2.2827934676022403,-0.8992003317691637,-0.6074604222942753
-4.385606806223423,-0.748223822710607,1.9704242309343742
-2.2694217020051526,-0.9597189535197,-0.8289071480817516
-1.3567489333656246,1.7379759412370062,1.1489917573055046
2.65490204027037,-1.3402350342104403,-0.00623561803108663
-1.3256434647159956,1.5455088008669453,1.2022266570357734
2.504549461758662,1.7435978276302864,-1.13095661107225
2.507683334003831,1.500745078138275,0.11573117631218292
-2.138248025767755,-0.9646388663989225,-1.573828724588945
-2.2964672226438583,2.0512050939011646,-1.5521760608925916
-2.336952097267259,-0.7740911801116727,-1.6664502384076854
-2.2757215194735463,-0.764382260447761,-1.3973381696476639
-2.6393833688633235,-0.8097936365878854,-0.31840527426076126
-2.4869026811136075,-1.3204322906209616,1.8837692306680776
0.8085022955398224,2.1808583000651143,2.89692439782431
-0.34855540291406933,-1.3162251588449068,1.8718304592364055
-1.0050416330887348,1.989337126621437,0.11585510383303481
2.201627338639798,-1.2308230302258658,0.8364879083153337
2.4601243070055094,-0.7207406049110887,1.2241763817357274
-1.6901651907233235,2.0634345086262194,-1.1731731148376883
-0.8640311433292642,-1.0756636810112894,-0.904431621764069
-0.659731681295891,1.8676872045207789,-1.212013363186689
-0.10918924207252055,1.8049789720882912,1.2743488348363055
1.1840369894273421,-1.5241052659227134,1.7221171995259181
1.0389652055713214,1.6455967023427551,1.3254242236185418
3.0214320392025806,-1.0990989239531204,-1.5316269932934898
-2.2791604063565734,-0.8733187405602852,-0.881762994949779
0.7858352277373868,-1.4108667354360858,1.1979744688436091
-1.6886499374597257,1.8730780516554368,-0.8315465453058497
-1.727682641969583,-1.0390888548776438,-0.31303858459495776
3.9281742678900304,1.384239070415637,1.2642425037085765
2.2152590116994992,-0.5455601153513456,-0.4593907515473746
-0.79175210666885,-1.3957619056535657,2.2921355495513707
-0.7540227601154622,-1.2101371903334095,0.025204887344267794
0.25579651944269394,-1.129844363519595,-0.8724699103407828
-0.4793029093657957,-1.2044332450186193,0.2613445844640542
2.510995570955691,1.7544127367612705,-1.1069026527210672
-1.7724734206699873,-0.6443831296224609,-2.1029733931904193
-1.9510683159977469,2.6839151389606766,-0.4291037863574482
1.5695245983700774,1.8682807231381955,-1.9387631688940625
1.4453150840295388,-1.4722972756614476,2.200035443991587
3.453363550247483,-1.3422427927765765,-0.22018519960060148
0.8560585624191641,-1.3108746216322278,0.8076344442716361
-2.6025154567982267,-0.9284063735604017,-1.6735251285106236
-0.33498843354286983,1.9465169855066762,0.08915155939132248
1.0731446517678913,-1.1530449161728524,-1.185542225636658
-2.656386808279095,-0.9262178192037733,-0.3992696168536075
3.004130696984775,2.246940520225436,1.054067767096342
-2.2647760448302985,-0.8098108128449648,-1.2789324803784634
1.3678848353627502,2.3970992096014565,-0.8706347068649294
-1.5489083268498927,-0.7597596046408277,-1.4428052639243047
2.943176048619826,-0.5680630463050834,-0.5994108918185315
1.838033320581262,1.5311579439305885,0.8565339973507424
1.1196806826802765,-1.3773947396235835,-0.12266071856656052
-2.727077698237684,1.8731749404804303,-0.12708418111160655
2.7030149725302373,1.4797677366059616,1.4801648306906283
-2.4653303278183096,-0.7425055882278649,-1.983645483124322
-1.5315764459122412,1.6876397296889174,0.929017810088808
0.6845383179426896,2.0275425731798937,-1.4933750957028222
0.17109487524789183,-1.3538370250326806,1.9474164730510064
-2.5601253388359146,-0.9104205316156033,-0.49961917745869283
-2.540629992145314,-0.9229786094995422,-0.807527810521424
2.194515522949475,-1.327572868173422,-0.18843803865394365
-0.5092643099261976,1.7245303982664622,1.601688357190526
3.65936493242974,1.737884382820888,-1.3549277860986433
-1.9634810265045517,1.9187799071605642,-0.6365094844799324
0.8054169526052702,1.8208328827908022,-1.085929418326679
-1.8207094379399675,-1.018012458981828,-0.46027101836046913
-0.7370417291845115,-0.9402719356358243,-0.9984578612822517
-1.803144287252675,1.9893199303327131,-1.1804013680539063
-2.476150794563439,-0.7973937257549366,-0.6006504640389188
2.154863757317055,-1.2012910008717104,-0.9011869533567954
3.4170685468381907,-0.5510069848777461,-1.5773523310526663
1.640942567885485,1.842162556509216,-0.7181304623436672
1.285191507266086,1.5087128712418696,2.1158607409379693
-0.7032897332819147,1.8294579002008964,-1.1094689888983735
-2.389059035995496,-0.9692588095850838,-0.8842407465295189
-0.5467253680997641,1.9813051423783703,-0.8705778683473309
0.9120104860050379,-1.3873312184489925,1.6256568070018924
3.4191287597890407,-1.2895709286440171,-0.14799417401840537
-2.1992302206236416,-1.184040547047073,0.8920296855375422
-0.17815594513039473,-0.6449785218278135,1.961564677606019
1.3409501219838593,1.6584110194215853,0.6470376477112255
-1.970973754778834,-0.9981748534620256,0.6107853231914546
0.2912110911971602,-1.138673776685095,-0.6265751880346323
-2.461146158290426,-0.8584288578365925,-0.5792797849514555
2.9160052500443387,-1.1621642128248564,-1.0204240404936353
-2.3937530205608053,-0.8714572464707863,-1.3390002046604108
-1.5580386592044118,-1.3207593428496975,2.35450235957862
-2.3295698237058433,-0.6341111139972808,-2.2444343519807477
-1.5336795035073025,-1.0917128763297215,0.4293912889409328
-1.0603257959765853,1.7459004953676087,-0.04897853348010585
0.22456139488211427,-1.24480653737499,1.2083971509649674
-0.08670561850942037,1.6716100567976229,1.822458882942242
-2.8538410677965427,1.8490326259007561,0.8256628674102751
0.15643138904398898,-1.029666783179768,-1.40064228478602
-2.0882827762406095,-0.7733822399870166,-1.2193214705515971
2.2762682740392854,-1.1272873733006292,0.1839804910013613
1.0796439942097888,1.7276796704124266,-1.0859742751145138
-2.2052547030106044,-0.9082254376229516,-1.305313763482718
-2.1489591931100187,1.7101534987043123,0.25339382677475075
1.903936067729603,-1.3041059382008489,0.6697861915861483
2.916702468257663,-1.1656490152752002,-1.780914111404655
-0.31364639537423483,1.4791121307253754,2.6427818270669556
-1.8104144063496632,-0.7666451687142645,-1.1210961457973392
4.081841379978398,1.392296337669369,0.7958776474922372
-2.702745723195508,-0.9894658430435868,0.18300541833284276
-1.8174747365033932,2.5825618269598007,-0.4718508585047473
-2.0853448432635218,-0.7255557047394219,-0.9359607459915767
-2.1930658181428795,1.9544066206382245,-1.386000721839432
-2.3229136516663345,-1.1651035156650043,-0.649928915509654
4.197433263353044,2.0838187963611583,1.1847578652506472
3.2683169470199145,-1.3693680959390635,0.2784438441354483
-1.6827657991518663,1.492941047979784,3.162486411842627
-2.144496951749554,-0.9842339750252972,-0.7896149747499623
-0.7050925257938443,-1.2215584444163987,1.1004025342545414
1.9704975119616834,1.6727027264204652,0.6764583800572516
-2.2943647369752815,-0.7953724031939583,-1.0315303899385362
-0.5930010103734042,1.5329168469716212,2.705981849699546
3.065959876533427,-1.1607538738586956,-2.5200532701334333
-2.7669278511243265,1.9668482885964003,-1.0580061903550855
2.3435472628925638,2.1446982081291854,2.246682843668565
1.7868363153767661,1.6014953378738939,1.7027292906350648
1.7019435786430022,-0.4967331822469705,-0.538203436965085
2.7278750249242947,1.5434226247582756,-0.6164442601077939
-0.4864718785154364,-1.2069075407237957,1.2615994791169711
-2.2914768159796726,2.0472857334465173,-0.7988619285323567
2.2402506904970183,-1.1159724031237737,-1.528350331969241
-0.8113073162129767,1.9196737766741698,-0.9666493285612276
1.612466962174386,-1.0340711966713994,-1.9418036550250868
0.49119907095760745,-0.9148130649697137,-2.057836357872484
-1.1961379662261438,-1.1556761395621846,0.20315740439107108
2.858754718959866,1.677518691667918,-2.3657601958982477
3.230831224224179,2.332863836205995,-1.134700191904346
-1.9068831106844666,2.04545768960821,-1.4214751568910178
-1.471515550516554,-0.9362066616561087,-1.8999705142030665
-0.4500476616319009,-1.0261621878691043,-0.136052528303381
3.4420763508343906,1.5255748395920494,0.4064281130618405
2.334604262031999,-0.9353099368024139,-2.536073361662095
1.8580038677029365,2.019355453809994,3.503025060175733
-1.1037752917780148,-0.4885912127823613,1.5462555866826546
3.2999149150753992,2.485460438742802,-1.2135730010857144
1.6359819506717586,-1.0446574621089049,-1.7548705610547408
1.8317176382710947,-1.3264507979852307,0.2226077909833412
3.3648988001641857,-0.634696367226106,0.8728705768780938
-0.30291238667290077,1.6285599611594725,-0.08962203876107235
3.6184893106420852,1.4729275642014776,1.1011888006338275
-2.0479580048116897,-1.1892324646578774,1.1938627360169276
2.532779511687167,1.9258423467873136,-2.3945508118313437
-1.0015410292632843,2.3539241193495894,1.4766747895657495
-1.6217978298946158,-1.3528539405985551,1.3510057211142863
2.6329070952948164,-1.2310462982914876,-1.3568010525876821
-0.745220174274712,-1.0366875506962494,1.3228217439867558
2.2641261648235678,-1.1240500774776174,-2.3050942856864673
2.633892123871449,1.6361671696685811,-1.1196012620406237
1.748382451299751,1.87035120795358,-2.385260342205921
2.178214175883029,-1.2446913794031662,0.7243648397342327
2.4383321760990344,-1.3205864178129851,0.23588495252668945
-1.0744061232556665,1.963602815922751,-2.22175680842561
1.6633653985930419,1.5162158845487608,2.740417207177413
-2.790881695476356,-0.8493238906737081,-0.7550579909737013
2.585664654108776,1.6660265235938383,-2.040497724746764
-2.0533096039222762,-1.1264445998230168,0.8366598968185501
1.4487475816398783,-1.0070505827555016,-1.5338060663289546
2.42658142144628,-1.3987938187304554,2.217018200014564
1.400605958747801,1.688764931207302,-0.5297761058247419
1.2013683696810273,1.6094684529320267,1.6818141959454287
-0.012658592462592265,1.3943329080955602,1.929170823226635
0.872260086677046,-1.311443158440837,1.4550430297690715
2.108738809881022,2.4316256966820906,-1.7747013646803447
4.183099482168476,-0.5663008945051079,-1.2431947605784461
-2.1831650524392714,2.0056031573466733,-0.4903816759648738
1.0692753701011668,-1.0431910079201032,0.8044073090646814
0.49009862560054746,-1.2784416904037985,-0.6417055300162595
-0.24244024949375612,1.7456636726838843,-1.170060892616779
-1.5322209681057992,-0.915198157311603,-2.0183327102823925
0.14213739776874934,1.771543484166485,0.35671274119307517
-1.7424046624853804,-1.1045038504939315,0.08429458192011269
-1.6367938547060739,-1.2282851988600525,1.010771126565001
-1.130873434032202,2.2512000157847627,2.4430014145192755
-1.9438459920533515,1.7813471452479284,1.5294512319710774
-2.0579962603516058,-1.1734772797332613,0.539052159409193
-2.688780898031373,-1.1214527096482403,2.0797941592836526
0.4270914062451405,-0.5301791775575327,-0.3550851959658532
0.9458064441881103,1.6847109476371493,0.004805802253572579
-1.5299320264666927,-1.020433559093709,-1.3092850920374155
-0.19911709976222103,1.592001986250221,2.0768580535371424
2.6779639769761676,1.655582169661786,-0.8466805018271208
0.5752259822075145,1.4637028866511694,1.4855485822745902
-1.2383486191015953,-0.45529408906493807,1.5853483356030202
-1.3811693225051864,-1.2233017419068852,1.2687651392516939
-1.3773302630164432,-1.185049245174884,-0.5110095603752662
0.8679031562366799,-1.2404297459993636,-0.840984066367588
3.951228574266278,-0.5733571929387205,-1.3842659578815326
-1.7816440744725655,-0.8307066197903745,-0.7726044044418651
-1.9090502707428074,-0.39764495696247093,1.2218123508678378
-0.3766299927406375,-0.9982589216141063,0.39926304146193337
2.366060947875428,-1.0367446720240503,-2.485641600883123
-2.3197521300545785,-1.2401548321043665,2.3416220595452146
-2.8837020722969067,-0.7849375515210478,-0.38344024105194746
0.04154061666200567,1.5827759379373403,0.4909419097504915
3.458851766545273,-1.347979478496012,0.5837465944810729
3.30882770965726,-1.1920431084740841,-2.067157808416144
3.414612805654485,-1.335923260928186,0.6689665004844879
-1.0399989249896786,-1.5037035066914706,2.921482231595881
-1.7060033072725356,-1.1131835981559863,-0.7833261754718399
1.2591006487009024,-1.2608557612639844,0.22215250745033938
-1.9740062749151717,1.7423161977109323,-0.2437585846597951
-3.6055591858810194,2.3193796606555277,-1.4609944709747218
-1.8862553405830167,1.844719366619976,0.7790992317151133
1.9425636404995814,1.6746739086918732,-0.3829323060412649
3.6046653539248967,-0.5669972375268904,-0.974036062837296
0.3913319566885608,-1.2578235330910548,0.9204354827384021
3.0267701581270647,-1.2291775518886725,0.2375562783765564
4.042819761124803,-0.5823845700895325,-0.8855616297459156
3.330369451564575,1.559309958823038,-0.8095986355623148
-1.8585567457460512,1.6464785782713998,1.434121936413224
3.461212150791527,2.2476427179242053,-1.3197058065708327
-2.6301015674955095,-0.8640053586570812,-0.4717076012082592
-0.5096704411623173,-1.1425573592009128,2.509818010655234
1.158365247547775,1.672254029206357,-1.1099521965939811
-0.8549557748168949,1.6959741624318858,-1.0992488731101684
-1.8403243139431444,2.1702507761569527,-2.445650893739316
2.320634731594424,-1.032864179182777,-1.3971956218293138
-2.065413126732392,-1.090454591500901,-0.9231574798289128
1.1630471892884728,-1.0410549711316996,-0.6067426942954826
-0.2032121373259113,1.7362158321708587,-0.557072890548148
1.6175690398281488,2.1385633884223503,2.3960492129895075
2.940025566775692,2.284187725522785,0.5052471717616871
-0.249255601003672,-0.6503959024954654,1.4414436769713932
-2.4832707091651742,-0.6817433216839799,-1.2875566670080798
-1.088313465414042,-1.2362627354991396,2.25059665345634
0.5772824397400925,2.308741161985993,0.34598472549615583
1.9423496889338663,-1.4462837879775574,1.5528312938188376
3.197825239565926,-1.205038976614785,-1.5418477593618503
-2.7565748108328507,-0.9616776829026038,-0.5267929678467601
-2.1500763721006635,1.761247836014512,1.3537331852009213
2.408390702068616,-1.0277993067259819,-0.6801647769682722
-0.6678830824591124,-1.175619291633233,0.06905924833408192
-1.6573490587450639,1.9173488502402938,0.32568367152108574
-1.8175482893635095,-0.9346229176626085,1.3753211424620004
-1.9242882962211643,-1.2100141618787745,1.1784512918220644
0.9616269364622079,-1.3212431797185353,0.5292023810092102
2.080433995612835,-1.2561864007223187,-0.8859189356707173
0.24172398000802714,-0.9559685425489821,-2.0812103627975596
-2.2393556043324923,-0.6889840048581222,-1.1923869879359774
-1.4903853913798053,2.1929077910589325,-1.47247913244821
-1.8464808355186282,-0.9659295201121514,-1.3763624234524272
-2.1621719442484406,-1.021073934770107,0.7734575705751431
0.6601825273620028,-1.0539844813915964,4.0638279591637385
-1.6006874154361557,-1.1266852085374508,0.36524379560192977
-2.468688633475755,-0.7385757981171263,-1.169562902133437
0.9718589931389797,-1.2799026562957374,1.5108025192102463
-1.5061245469421523,2.631253541256198,-1.048738679016654
-2.909669560292312,1.9964300658248146,-0.2572181007991041
-1.453123261585116,1.8134789625889114,1.007961761309197
1.9764404074317583,-1.4014843626325,1.208826282394147
3.1085778334522547,-0.4629799650255094,-1.122463393591143
3.6761865935306677,2.36308827664892,-0.8486217355465493
1.721611903291683,-1.0306775872637903,-2.0945019690165325
-2.5666700167906455,-0.9345400761274875,-0.5886466417973243
2.500526638643764,-1.1255216195445497,-2.195070105034996
-0.9609983503057181,2.1215528345285755,-0.9587264576304129
-1.6120154730902514,-1.3304517660508235,1.5862057324982266
-1.8716546083383987,1.7249528179700473,1.7402568085972563
-1.3077908025497391,-0.47710273606020726,0.8879726777449994
0.46269372809811893,-1.2162921656336236,-0.37134255869805155
0.9548307868189282,-1.1941088717377573,-1.3594005341906055
-2.4675400901128524,-0.9465484469202289,-0.5835425613861283
-4.56523483190592,2.1844681115411357,1.6635148808037232
1.6860708767096007,-1.1099240843906875,-2.1666753113664923
-1.683792522608774,-0.14697941341193294,-1.4239026222876476
-1.4862255376064717,1.8518199806952056,1.8426802832437208
-1.3046487458620841,-1.1587742269945904,0.5198477416488774
2.8953407690607595,-1.4353255774189027,1.2677515086418136
-0.8725155953904812,-0.3908503464429123,0.2218133680613365
0.44812653807986025,-1.2623067938979267,-0.23404501106373615
2.080433995612835,-1.2561864007223187,-0.8859189356707173
-2.77284835665958,-1.078579519436667,1.0236332072254022
3.749982298524857,-1.3828747349959074,1.3311325448095
-2.1365769956502865,2.443215363137821,0.6194808726856661
-2.229200887025338,-0.941763824228873,0.5662996845249278
2.3563480064589424,1.8610360027881503,-1.8026073952792294
-1.2009603174559464,-0.9431792767288406,-0.3609405863304512
-0.1414927872369591,-1.132057807758359,1.1628908400478408
2.8427830519986133,1.724108435180505,-1.0190909649375
1.9002401766037997,-0.9547565583719926,-2.4999685922577015
0.3713937244314503,-1.5366006218295967,4.032990970710568
1.6977611299592792,-1.2788252845348789,-0.2812912755605529
1.1668799712216302,2.3319178324133847,1.3796745226000693
-2.0516146272171674,1.707853945850502,0.9735801288771158
1.0969340264777387,-1.3362583679825086,0.5987420220917073
-2.5983126176987645,-0.8487016585447048,-0.3169100675664707
3.7987427937378357,2.3823645250326506,-1.97707135026557
2.2040498484097233,1.456442867366415,1.8298888355562755
-1.9396526517781358,2.139384827539846,-1.088300513546042
2.3066199895358857,-1.1215306639818843,-2.712863268174612
-2.0533096039222762,-1.1264445998230168,0.8366598968185501
1.9909849154961266,-1.1899753732982201,-0.18190145023995152
0.9769114659320343,-1.1925313254945336,-0.06940631114247015
-1.5213354743981007,-1.040674743015956,-1.3634366817361252
0.07958447605496767,-0.8964502426427748,-1.1305230827797275
3.8005471628010015,-1.1478799463769775,-1.731736249637473
3.381802805719751,-1.2812253960693967,0.46039145543200677
-2.9754226575178384,-0.9804718561125896,-0.14059305859438945
-0.08633042500846748,1.639176303794899,1.2548219444745743
-2.037516994987796,-0.9753001051228134,0.6298505052874848
1.3535990029073939,1.8108582696983258,-1.9186574666010068
-0.8522701725011447,-0.3756443345381739,0.7155650563736725
2.6523646813395474,-0.40561115884962573,-0.7997676168042382
-1.7623803014096624,-0.8557644931784878,-2.1788473806438935
3.6199816050322378,2.2306036588078326,1.2783400604363437
0.8202493699073008,-1.036390174660415,-0.03189630897491272
-2.2174561147066743,1.9730938057040541,-1.032630857216478
2.7121003654542197,-0.7061115829219123,1.4239513646254351
-2.0320302333975855,-0.8503802397795391,-2.143440207221618
2.6854080757211096,2.162619933464238,0.9926896619420702
3.245155440666706,-1.3557632311512653,0.14963095431653553
-1.22475590531593,1.6736324420544353,0.6508078868850067
1.817578589033155,-1.0462706361201943,-1.7016494012184835
-2.180990867667686,1.7806744870984588,1.9656687379169624
-1.0146428277356019,-1.301692322356967,1.149022381239762
0.34202838766531957,1.8518502515330797,-1.4285152936847476
1.359651980039075,1.6751619276043952,-1.5834461822715307
1.5113784054425343,1.7528432867768389,-1.1023835754303435
-2.3479299093085997,-0.9041935167972961,0.6069288280624551
1.5680338571837031,-1.067783907179186,-1.0733018688033182
3.524837656672362,2.3442227214399796,-1.840780547303163
-0.6352623511512226,-1.0836296208739944,-0.31879779922947427
-1.027754691062233,-1.02972218465905,-0.4080465421709278
-0.5219746863777966,-1.0274122452747236,-1.3121189746200606
-2.2414343755345074,-0.8105789769045828,-1.53060035813411
2.9297481969648036,1.457873764216061,0.6233339548703193
-1.1820516737705034,-1.18083396324837,0.7993152911169059
-1.8958264035428087,-0.9185606215309369,-0.77955202145607
0.30054469947550394,-1.2362487069976686,-0.24226708830559027
-0.5101309982494301,-1.3439470027494675,-0.2438143967566044
2.3549909664439763,1.7102966229089955,-1.5295338092657698
1.6121907551120647,2.395327756830841,0.0767451016016265
-1.7884767481440706,1.6775330134807285,0.7951077415416766
3.964687559746805,1.4881961940879378,0.37724043240324306
-2.3922405401090994,1.8504619575192895,1.1930994798854826
0.7312661268529257,-1.0629397580598297,-1.0829702216364567
-1.8673688851033858,-0.35668602199082267,0.97448933812149
-0.02148836524401292,-0.3991910783427124,0.6385125025476042
-2.118352429739312,-0.8380983156887248,-0.5341075000632576
-0.663858088376987,-1.2641337278768916,0.8466491397661944
1.680854069677276,1.7343966858374673,-0.8914889019425007
-1.6964283441203982,-0.9496320356037351,1.13719877367335
-1.0418540705682273,1.5706860727875338,2.232053301461421
-0.8285498225095248,1.9645504758319927,-1.8164833976190344
-0.6017844560164871,-0.9692951337765062,-0.3568034882172504
-0.8681164459178875,2.2835884258010912,1.3323990426021448
0.9714747665403907,1.707229960189387,0.3715681264339092
-1.9935128776478446,-1.1288116119110763,-1.474406677862513
-2.0374445210311376,2.0677787154360576,-1.1906030773684027
2.793072851862431,2.0695890898553606,0.25885540113641103
0.516958550820449,-1.3536052217173455,1.9927332062203145
-2.645833330903625,1.9515967431062544,-1.091143220265036
-1.7427559301755755,-0.8556572260314473,-2.0443636962367777
3.061603738397207,-1.1852328177794922,-1.1124798897266335
3.1347902578020723,2.3664346730062533,-1.3239158451190511
-0.9343086194971764,-1.2279474431073534,-0.5617940822563139
-2.3522386087018354,-1.09078007030853,2.075250186526379
3.538083905105435,2.0356351128435435,0.9923992011280012
-1.7842666211379334,1.9290275732638436,0.19320501259198777
-0.599941057712576,-0.9919948104760504,-0.6612337053731256
0.9385000585608109,-1.4516180653465849,1.8780838277028176
-1.631927150247796,-0.7625968508899322,-1.7908973275591942
-2.4107359349803272,1.8380717596207434,-0.7061446663950693
-1.6437917359299858,1.7312672905381241,1.2967687053753474
2.844012319037621,1.5792545924794266,-1.0795321233552981
-1.6492426874740889,-1.164998461453716,0.8811740046044312
-1.1531928043360338,-0.2997774436793601,-1.1285562746338718
-0.25654753139128117,-1.3196653193633152,2.265440386494619
-0.2581184818450099,-1.3183349676193077,1.7839541847435134
-2.2581649082107527,2.7928373279069882,-0.8053146520519175
2.387549485519485,1.4228148822771431,2.0392624282497835
1.751887001238408,-1.1648909435822283,-0.1348081838541943
-2.8980848380356923,-0.6421438135045742,-1.3536893067363742
4.256239467513659,-0.5035514221008021,-1.1252321645626457
0.13768296697442012,-1.2854605572844344,0.5148034272978628
-2.3557753316462176,1.572330567547989,1.6530586271284997
-0.4905133351987271,-0.6752249648832769,1.2449998501380017
1.0249033435125912,-0.8839350786286639,-1.4695974344359397
1.7452262532958185,-1.0576620459664015,-2.1403985384639723
1.7813813651342512,-1.2096609430559067,-0.43970776917845583
-0.6253663721804472,-1.0420312714038416,-1.541024809340007
-0.25654753139128117,-1.3196653193633152,2.265440386494619
0.15970807388572963,-1.013428235007375,-0.5971861599806586
2.353460342856921,-0.9560033856336048,-1.9020053499923228
-1.1550904483723907,-1.1228075260453672,1.0627171658718462
0.8323238133755313,-1.1727477213302349,-0.7961057788916487
-1.3261321242683388,-1.0198863800621603,-0.806667364076012
-2.6633074871291935,-0.9450425021196862,0.05207034735195676
2.174851181239782,-1.13473073026595,-1.4578556691702786
2.2599861326540056,1.7450355815312857,-2.0541949586297967
-2.493878969300007,-0.8311730042000219,-1.8494520621334467
-2.480302558343606,-0.933132239277566,-1.212983003458479
1.7991247597068534,-1.0006643424006236,0.8744245323700182
-0.32167206145900185,-1.4044302085379914,2.0824757611711293
-2.649733321444788,-0.9092955176633425,-0.2856522864259078
-0.6028855148974438,-1.303475948658971,1.076764149631907
-2.455186802991341,-1.049696651695735,1.7610067691075655
0.3649054236453782,-0.9864119620547552,-1.4341879207801334
-2.089289827202067,1.929085128403018,-0.867837088625419
3.634326114535326,1.600893259484394,-0.07939248869352673
-0.20395265629438805,-1.0108398729492207,-0.330911628038809
-0.8056414661181213,-0.9549823078718213,-0.9391145247747967
1.4052655670327265,2.1482001363287524,2.662510041759742
-2.3582815217062607,1.6516240956718673,0.7821814347729015
-2.3214522008568994,2.0738049513288344,-1.5171553426016589
-2.089435604655693,2.0618429063585473,-1.8691857219734946
-1.7035678592652455,-1.0488365283952674,-1.2404573119219044
2.4226659466317546,1.4238536362619767,1.6310217834920178
-1.5755305802439339,-1.0280984682106873,1.5960533274120041
-2.282039886062238,-1.068711930023824,-0.6246583557514894
2.9772208096581974,2.2613770335030474,1.2356901126595103
2.4984605239619673,1.9947641791482253,2.3970735319246472
-0.8461667570010922,1.8752959450915208,-1.6313543745939008
-0.5326925473029592,1.7599400923420616,-1.15066324983453
-1.658205396368192,-1.1882824190324794,1.5455287579418369
1.4104088952308664,1.5510610481604523,1.687418294591534
-1.1954824570297593,-1.1395467248843618,-0.781923822873853
0.9052282667377402,-1.2255854409836928,1.6868108339500862
1.8509354913308906,-1.2735847942329641,-0.1838464468925697
1.7157557780314987,1.5827666385333272,0.8856551994930165
-1.2256861000851293,-1.013569935209182,-0.8383954485492551
0.4408633728329365,-1.0792644718741276,-0.45951840269990957
-0.49706574473021137,-1.2383708871509127,0.95442338609522
-2.047923417862074,2.7039576900027296,-0.712695955162032
2.1766647775316694,-1.3294226623133436,0.3860729807278094
0.43941375213587713,-1.3191251457974777,2.2516691525683417
3.8705913318750937,-1.4550272349539728,0.4268449197883851
-2.1051960361659936,-0.6022427607145058,-2.1048219653449194
-1.8684627516587347,-1.2090368803079699,0.9437272896755975
-1.6333942537319759,-0.8920804579104085,-1.0013554190962137
-0.6199523591812326,-1.0926115518185089,-0.8504294015996634
1.1239554490148909,-1.1422268196551708,-1.64623322481853
2.945236071129546,-1.2076783857218172,-0.9998531614274844
3.1935514304260333,-1.0597209776657641,-1.700501711194516
-1.1072633340073534,-1.07070090059846,-0.10253823739729034
-1.4138664382065773,2.445836567016631,-0.06119119438035549
0.9009649790433467,1.7991626719768234,-1.0918592087526455
-2.132537842055104,-1.1649499798759,2.577050581384654
3.09015129519741,-1.2408108984891306,-0.09834649135381185
-1.6045625301560977,2.0223184920425528,-0.7899365326996963
-2.6656661397451633,2.0385432449148575,0.22969224952458256
-2.534102678261092,-0.7609820517722593,-1.5389514843560124
2.1515381967101534,1.5882011500097264,-0.232462499360505
-2.4302025452580898,-0.8339619478763443,-1.0167385304375984
-1.6436053326126248,1.5488868530701314,1.8406933914863854
1.9661546491170439,-1.417094891707606,1.2591663781324223
1.6769868456156407,1.528001111707084,1.5705050772405107
-1.6620205365243954,-0.16096318260082015,-1.09247987056134
-0.07307486186628807,-1.3244044429921293,1.405541605300178
-2.050562506809845,-1.2852991024909453,1.6405059704995069
-1.7820915055034736,1.8469632044646282,0.27184697359883125
-1.7713579040653245,-1.0180589201358852,0.21929131794242285
-1.26031914602505,1.9426894416869231,-1.275116504234167
-2.340051032020307,-0.7618223631439381,-1.3306330097921906
-1.8959621059977094,-1.057400514045049,0.32000414444427056
0.9718376021566656,-1.2424501630974905,-0.6073981732068983
-0.5390932719782865,-1.2874761408974715,0.4750417168072852
3.428466151377931,-1.2204167263813939,-1.950876102511922
-2.480546531167399,-0.7079456886389758,-1.7672540027089285
-1.4427463344653721,1.7282188970861663,-0.17129706667744174
-2.594196665396763,1.977732641864656,-0.7487383159534565
-1.732124224603509,-1.3306328281491362,1.3478492814263094
2.5949070118166104,1.5980431450371557,-1.5858786866626524
1.1269887217102572,-1.2818029672772842,0.19473152689038267
-1.2495071592175824,-1.0970777676806007,1.8459555543300619
-5.0380192770544285,2.0213542055691756,1.6067415002799164
-2.8941261100857423,2.0072759358012537,0.19633401392887578
-2.1008667629504694,-0.9195239063159706,-1.3829720565961061
-2.615048887461037,-1.0021441022337616,0.5260072658752505
1.476732923655792,-1.2525511859394478,-0.8416277634732592
2.073535541705605,-0.6811966558916975,0.8265116734941117
1.7310300983348443,-1.4045858852220046,0.038455322948835524
3.8113858456842356,-0.9511957849297374,2.251198257568447
0.9435808327448114,-1.129749161795975,-1.2292777584686567
1.5730063580839033,1.7468992622077686,-0.5908183076568994
-0.2439915302890818,-0.7266244523455754,2.767601553419982
0.43231683359796375,-0.5929080426818962,0.964832988451668
1.2274837965680445,-1.2037255918136271,-1.6949581289146096
-2.428075536731757,-0.8717823069343708,-1.5309983539282592
3.7066576153570225,-1.1871760312456536,-1.921920211161932
-2.0516146272171674,1.707853945850502,0.9735801288771158
3.1972049455658773,2.1257491460817826,0.8026964197210188
3.53878358716394,-1.3635714069372467,0.3026428317675529
-2.5177505035660444,-0.948124096596839,-0.42249537736478826
-1.507749955794226,2.4201751484085845,-0.09919434565379738
3.524837656672362,2.3442227214399796,-1.840780547303163
0.29899987205339784,-0.9201326842790641,4.270614054611824
-2.1373192722658496,-0.8672689139250706,-1.0186462489105812
-0.7962572005393003,-1.1621913593137416,1.3941972838434382
2.5470707211820875,1.5058491858755239,-0.7932207621420763
1.1206169293092672,-1.088815754476549,-1.0694341549820385
1.8174941631715618,1.4664002975451018,1.7965897831975313
-0.9267109900505477,2.5635407997370434,0.3462039470197591
-0.41033240978125846,-1.4534509344105777,3.316542728740676
-1.9933300866249541,1.8017514322398676,1.6104211433246984
0.9611705818178627,-1.1059756275220265,-0.4431199859216204
-1.9855920211562772,-0.9724637932442484,0.5280402156350938
-2.594884115753899,-0.9731157436372395,-0.6575734281529342
2.7380693049047267,1.8456149087622953,-1.6356410893155524
-0.5297732563357586,-1.0712560781121148,-0.731447733301418
3.4588367937242173,-0.3722067910622092,-1.374150100359953
2.2485926163916994,2.2202425817559326,0.7824329382885533
-2.443959366730003,-1.0838108444883339,1.9393219678768014
-7.318586937014946e-05,-1.1584978929333447,1.6681096186445936
-0.8575943959840835,-1.0657292531103886,0.028781127945411714
-1.9612318465193406,2.086756259082376,-1.178489175007995
0.45402924834613634,-0.6582070663002668,2.078852272890645
-1.888401136176768,-1.1522373857397794,-0.3835545845408888
4.316862644486848,-0.7924751791189613,0.9005117105440616
1.0360602858330477,-1.0018556697455716,-1.005992925603562
-2.09993473496414,-0.7132278607218372,-1.536643746035304
-2.5215305643792134,2.086916805273585,-1.1541024230710593
-1.7642233710389572,-1.0499733117639403,-0.6587545789556475
-2.313897061165464,1.7419696124223325,0.9171100903102207
-1.463182417380234,1.6221692335543103,1.1839664873706592
-0.15524688729332328,-1.3011982074292534,0.7579466034987694
-2.3626852660092856,-1.013691580365196,0.6542523775953674
0.9340843680759758,-1.2196915008567824,-0.21824169694753448
3.0435267333436355,-0.5693381052077477,-1.3192891275094591
-2.6403405650883274,2.049614376396256,-0.33639199669671016
1.13314120338401,-1.244447578947586,0.09804231996540778
4.183099482168476,-0.5663008945051079,-1.2431947605784461
-2.269124087114281,-0.8959820085116553,-1.3738942831071053
-1.5440038483298792,1.8479915566751746,0.3784737368039395
2.1828527755274987,-1.0068916696044983,-1.7855957811326868
0.8368475476515547,-1.1982218619259206,0.10088999441007325
-1.2313260904131271,-1.1073957436511919,0.2652150309399016
3.2101639578893346,-1.4220328439603789,0.35180648173052564
2.739507130069611,-0.5289733976188753,-0.9402306200334554
1.5187362532310953,-1.2932814917611863,0.4549170313445864
1.2808710527340057,-1.4150890722135636,1.146629459140868
2.871413396268577,1.536254814948345,1.3874784598945427
-0.7431867132767769,-1.237610824404259,1.5554936718968992
1.7764780588897777,-1.4593405932929953,0.3395466719755591
-0.7283857751722034,-1.1844954153764804,-0.8161826164308509
-2.4639273005788604,1.745708297102933,2.212045977987218
-0.1269079302596901,-1.1530463465136438,-1.0098564690296754
-2.564603871306063,-1.114214522939061,-0.6184498595070688
-2.1331671778341215,-0.9406840287374714,-0.8980084500386724
-1.7166091715571785,-0.8426834099347171,-2.24487017544382
3.868162446056472,-1.3503592952732626,0.9259438778736837
-0.439661652249098,-1.230481036430312,1.7503818449964115
2.779751910317379,-1.2802617285467461,-1.4219982765851071
-1.3068682737945139,2.561431477235981,0.40601072812020605
-2.71562911010182,-0.9434416940190272,-0.35755765304704246
1.995146600834636,-1.448189798561574,2.6251855260960157
-1.8314694107950615,-0.7825453849599564,-2.201405907234308
-0.9996497336337838,-1.1062261582761754,0.5953400438526568
-3.5164543410340983,2.2466528630636153,1.0343173140745878
2.2854982526516325,-0.7308106154601124,1.630165970045228
-2.056191698753108,-0.8677331351439964,-1.6975420690291967
-1.089315361802571,-0.4466856986444342,0.8386609064053808
1.6985246091865869,-1.1435780774193978,-0.6290908554195367
4.268025449596683,1.5541625785313489,-1.3160355336969873
1.5411133943864423,-0.5968350086971422,2.001701069800491
-0.5401382747644604,-0.9636175843720555,-1.3036551009200017
2.1784951867932856,-0.9336334714229628,-2.3133236548582996
-1.205777092536628,-0.9460644040744802,0.09899178496385828
-1.6018102520951902,1.9682955639563586,-1.063738861178962
-0.9689198269891265,2.6242431748260815,0.1821234578193842
-0.5193678063615885,-1.0909001132080878,-1.4069345416341732
-0.3057152938165984,-1.0974125994406065,1.4846748225373079
0.7282906195355059,-0.9886156778788756,4.419789246368348
-1.8644634446918131,-0.5933397149588359,-2.0640064919283656
-2.9347235333350166,2.02958611635406,-0.3838639086491112
-1.622928268030241,2.0907984469541034,-1.0164626840011763
-2.253002705932075,-0.955812305128903,-0.28729492852508703
0.24493024148605513,-1.0787112691061929,0.6435520570106159
0.9715501733214459,-1.0694296856780916,-0.5089099495348494
3.538083905105435,2.0356351128435435,0.9923992011280012
3.345864064906784,-1.3985096303882376,0.6502484864627086
2.309882163114692,2.5297295907778192,-1.6815338994095175
-2.7110212562257465,-0.5926327089087671,-1.554218522273703
-0.14995599067589496,-1.0199174517154008,-1.4874292737155315
2.6374122470171777,-0.3403783787805589,-1.1339558943193297
1.5610099043727828,1.7015136918106752,-0.29938934171206566
-1.9468371018009627,-0.8091770910389703,-1.2076796121393845
1.6108123908758667,1.4564625440881778,1.0666540525010717
3.1844618434233483,1.7184504551982112,-1.760056725289112
-1.8263111665000449,1.6912282472958229,1.592560052340191
-0.3355131486236112,-1.1570812284036636,0.6196669211716075
-2.929314729933157,-0.8290135219911692,-0.7056146847181002
-0.9777651726144442,1.7026173083168676,0.8592483794499888
2.0078486256889048,-1.2155174951960226,0.3969647242227441
-0.6396808144734373,1.7588657046196234,0.3476432675273433
2.06194920368278,2.1004805801198203,1.8868610410583027
-0.3033868107004212,1.8575816351480932,-0.8123108803498429
-2.1895153144846877,-0.8630138442589982,-1.671540099824333
-1.1787321516670335,1.7200596567683253,1.5210009569686203
0.1819998461596805,-1.0636019075619296,-1.6491405841160016
-0.5574009623883069,1.801642401236108,-1.4515526061701651
-1.9881166547182665,-1.244454581675684,-0.09858973447761926
-2.7346345555911267,1.6434335442507262,1.9280537841102534
0.32095906779390604,1.5021091333657046,2.4041956952935735
1.3467262245305665,-1.4240851890315214,2.182993331256672
-0.5677783621189295,1.9205196271812084,0.3026130975188571
-0.8364017132227572,1.6035919053949286,0.22932118401476317
-1.8613804241230612,-0.16979876481753226,-1.1746239933467355
-0.5088105904007242,-1.1738191065360981,1.5519522003364377
-0.26409331654355744,-1.1681569126929308,1.1687401404507756
-0.8727759588597138,1.6585622041832746,1.2067934377837581
-1.6126291089715585,-1.288072569441566,0.5970475733692887
-1.669396363679068,-0.971468937737272,-0.9231780234266542
-2.396781645177967,1.7613124195984255,-0.11900040504112226
-2.486752711557768,-0.673471170692456,-1.0061513038468612
3.883840098518306,-1.1515997610902273,-1.7921885161267335
-1.7028935137893886,-1.0422212763740788,0.6032281764901856
-2.9754226575178384,-0.9804718561125896,-0.14059305859438945
-2.4091948544470734,-0.7863634131143628,-1.0546625187229899
2.4700140599052816,-1.07864229049898,-1.97131655191648
-0.8355002120601502,-1.2927517543410751,2.02771912780734
-1.6129460611642996,-0.9172316345672935,-1.4261081138547975
-1.955329298461502,-1.0189111915135418,0.5993458639846535
-2.0569881252598554,1.8496848610071541,-0.00936605134533623
-1.833299859765399,-1.0842573121819479,0.6078919032920693
1.0905692002959477,-1.439725240365793,2.0103472354480445
-2.3236573706055688,1.901832784499497,-1.491196434497265
-1.8315478836047017,1.9684395255033407,-1.375731168412535
1.4104088952308664,1.5510610481604523,1.687418294591534
-0.8451255071832525,-1.150671588673595,1.9590489766800965
-0.7999034783115675,-1.1285090564771778,-0.0024569950434540893
1.0731446517678913,-1.1530449161728524,-1.185542225636658
-1.4009712629365405,-0.952690238008927,-0.8941523290333893
-0.5848302149957373,2.4894926355614837,0.38992059768710335
0.2936617314175103,-1.2770846311594544,2.6466770504513004
-2.208534708059667,-1.1235499668731699,2.3240875069145335
-0.5867988642507402,-1.296173070634867,2.1265751950382077
1.5847405253430535,-1.4233699960346478,1.4555393127009
0.6564858003817319,-1.1291052787922882,-0.46537246276447775
-1.5944401911500343,2.2542553542163355,3.1145947327146075
1.5888479666164426,-1.248628174580967,1.326749438397412
1.6984222664960102,-0.49199413617635424,-0.5716528024548829
-2.3464816510074407,-1.1618516872074636,0.8286876205164899
3.6483740869703847,-0.6354947876441012,-1.2034370793728
-1.9355204620446045,2.0863780877762714,-0.7249386250735094
0.39346636128564894,1.7590968855646902,-0.8935383710366558
-2.118352429739312,-0.8380983156887248,-0.5341075000632576
0.20886535871784,-1.0293897037981423,-1.8956217773882347
-2.6268120208275376,-1.019210237044427,-0.880992859245172
-2.4161582257657743,-0.9241032658548173,-0.9214790000000705
-2.799425696753953,-1.1360614158681117,1.1391577710111542
2.4147331090124604,1.6529476981397608,-1.0772213135070274
1.2005152774246268,1.7493967495310812,0.056685816029770096
-1.6200647761318439,-1.1269903260293195,0.535442830671526
-1.984422422015949,-0.7231556131063211,-1.4338398673053063
-2.0099514922247885,-0.8328942223126589,-0.914942541607632
-2.265947165846863,-0.9456299009131915,0.8350140752100584
-2.104943481893653,-1.0125945442970539,0.7159385957582914
-2.407263575338617,1.6798624262645974,0.17910151763680468
-0.36569594863434735,2.016089091442869,-1.1567491063179407
-2.229200887025338,-0.941763824228873,0.5662996845249278
-2.249370696305755,1.862941827616568,-0.7254086894053199
2.93100441556156,-1.160010600093002,-2.1798103229179007
-2.199293303991622,1.8916890796031711,-1.049233216276097
-0.6934411703951705,1.7244102375594212,0.2253098347184956
-2.987836957092411,-1.0054749869527337,-0.185348649763276
-0.7999034783115675,-1.1285090564771778,-0.0024569950434540893
-2.4388915643850972,-0.7092214396695986,-1.0955085770878508
-0.5372610111346356,-0.9764970418655481,-2.454182295215448
-1.8104144063496632,-0.7666451687142645,-1.1210961457973392
-2.2580792289169245,-1.0152373884644668,-0.3256678567946685
-2.15350423503793,-1.140944761013864,1.3998937841194228
-2.1135361737660725,-0.21238707631554238,-0.3739070577029594
3.819289350222546,2.040485076056708,2.0197736806104873
3.6424257028525067,-1.2568628639994643,-1.0874783022869126
0.7073473219866603,-1.079067679911413,-2.0963600739256063
2.1156492417890282,-1.228874165249988,-0.9057004925310264
0.9343253551848844,-1.1500745003800448,0.21837729886077223
1.9940837942976013,-1.214299321091158,0.02744142407222572
0.436544674304194,-1.2976367320827522,-0.44459184857083994
-0.9040242954442479,-0.9223020000699639,-1.0327786063275903
2.231647758602207,-1.1262844030413597,-2.182449778911031
3.8907909543768606,2.239084502245683,-1.2536998705507687
-1.656267146025678,1.7674483179535683,0.9538601256071846
-0.1170005940912365,-1.0264267512097458,1.59394035831536
1.721611903291683,-1.0306775872637903,-2.0945019690165325
-1.0896722898130826,2.5131544483193022,-0.07245732294879433
-2.316320608499244,-0.9375485753717423,-0.4968332725289339
4.860184683254771,2.2303601462942853,-1.355638349921585
0.6756948582726077,-0.553773701073582,1.488541570088526
0.8728779088973446,1.4556502059592837,2.16885651390149
0.7840682037609439,-1.1927366424853296,-0.5614135848441448
-2.0479580048116897,-1.1892324646578774,1.1938627360169276
-2.426053167182511,-0.8672379826598906,-1.4012371444813523
-2.2435697336669276,-0.8894732238226999,0.5465692648937359
1.4770179175549756,1.5556628992573789,1.3665184286485836
0.000748793576215128,-1.1153953012837645,0.24372807472716213
3.197825239565926,-1.205038976614785,-1.5418477593618503
-1.6741235460650172,-1.2299417960329715,0.9243551820071474
1.7898539107769043,-1.1364497077879663,-0.18655241312668489
-2.7499109047508474,-1.144802730354531,-0.19377860731128904
-1.8174843426296654,-0.8863163925831151,-0.7366765767626882
-1.6532117564877626,2.008013319930325,-1.3620693623038536
1.5604025524277885,-0.7857968422631258,2.2349096678530334
1.6614356066524263,-1.0699457435286848,-0.5777593852519066
-1.4518266234756378,-0.8910382401969474,-0.6382014971624513
2.871413396268577,1.536254814948345,1.3874784598945427
-0.6785457578793057,-1.129578328816933,0.45052455445988315
-0.283906019724726,1.829776760460497,0.0025756267978802056
1.9284133970113952,-1.4959946486265892,1.370641944652706
1.3409501219838593,1.6584110194215853,0.6470376477112255
1.2767621711371682,-1.188377898766562,-0.4251886182106338
-2.8996100063428423,-0.8713336478269097,-0.7500735372422427
-2.4981602305934363,-0.7684842641680698,-1.532183479085958
1.0592740265686633,-1.1708843305456083,0.058732068171100604
1.816916417707973,1.4460705548283517,1.5681701323150237
2.3494976826887695,-1.3187875926253574,-0.1043187756652253
-0.7021354036607235,-1.6532708045169504,3.242918199288798
3.1258307503755804,-1.2644060234869425,-0.13825170222137573
-0.46060934918956,-1.2896239754682437,1.659054437118454
0.8425092561063992,-0.9954200558852048,3.5812939196081595
-1.2230655912297956,1.6140100248246774,2.922706146098329
4.784725515935699,-0.5586592073404227,-1.4298818890863432
0.24224331950185174,-1.1844104372325581,-0.1168451181277328
-1.893258219551472,-0.8613436093091448,-1.8809786650679716
2.8071633890007384,-1.2608138900590833,-1.6469352388674106
-1.979949239449334,2.0667279625324735,-1.4404808735141275
0.40625317791030746,-0.6853593315195434,2.9275048965883226
1.9826864868006928,-1.1528091220914627,0.08295345436245696
3.1903055705663257,-1.055862358206217,-1.438594552118528
-0.6886264122849262,-1.3493463826249779,2.282734667394303
-2.249370696305755,1.862941827616568,-0.7254086894053199
-0.4935938406678932,-0.43159436689166253,0.5492989570096263
-0.3035658292467636,-1.574330145670724,4.116250528920514
2.189929297732636,2.2875971295121147,2.2322598438512995
1.2898262217696301,-1.228854727838894,-0.012116834612618031
-0.12831993110825518,-1.5121728311087752,2.869711654009644
0.6856315562682842,-1.2768122547545846,1.2538382253302136
3.1129014096911556,-1.336220430368822,0.14739402969200158
1.3421236753435157,-1.226190222694012,-0.13398286645453777
2.366060947875428,-1.0367446720240503,-2.485641600883123
-1.833287792852202,1.7241964611567178,2.15066350932498
2.0802179376497474,-1.2053890521221542,-0.08871813852504501
3.0095009722271766,-1.031728127691833,-2.3181981685716275
-1.8230504940906522,-0.23479374621124288,-0.296880523126863
-0.6491921927915899,1.8769175788090329,-1.4791391604588568
0.6846562659975844,-1.1778599609464064,0.3924606068406613
-1.6605385794452983,-0.7900950248363539,-1.6700202919883795
-1.839607567285395,-1.0320766791693863,0.9075087230126396
-1.879482193985062,2.7060983090271518,-0.16775412370126483
3.2599509875859005,2.1594962588777067,1.2046661990584888
2.8067407138418803,-1.0582748609481296,-1.6467619452456883
-1.590663067354642,1.9708220311682325,-1.6653048487079936
-1.9365541529669872,-1.0566254432291282,0.7896463483905956
-3.9950492506510002,2.325911645975441,-0.9990926371331306
0.02053188444008413,-1.2988329524655169,1.5639823923775973
2.9080079104354746,1.4721791768285144,0.43732390854979225
-2.1840643155120514,-0.9622474071071153,-0.39962241960865824
2.4544844064844353,2.309276849638401,0.5354589187510708
-1.8753777459810148,-0.8781179047026821,-1.2383282173308165
0.8962243277140342,-1.238646000245996,0.8590545705586357
-1.4679384906652595,-1.335009429970349,1.2434305393957765
1.5888515515986996,-1.4808429414164634,1.4373985669969755
-1.4763908977481461,2.2721814051074385,2.537461784982759
-2.590291670492026,-0.8889164656373997,-0.33034402621092823
-2.0852173345330014,1.8142479055960454,0.8306440392696287
-2.7949933035966996,2.1356628195885445,-1.8188037733565343
2.6014627155109,2.1779490400624217,0.9130364494858766
0.8339433363222862,-1.2382525835181935,1.6906902096352785
1.7054936846028987,1.5316500232371457,2.583044627136912
-2.02107304781389,-0.7864944858570851,-1.61624052602583
1.5140792809752512,-1.5431433244846298,2.5410586173021112
2.217227421360209,-1.0407887261701292,-1.7618388448471491
-1.9933939682218424,1.5676178553973794,1.6497283174024635
0.8501883291251046,1.724480944548522,0.10878611083467886
-1.8223458644210428,-0.928884483887997,0.8702231077322193
-1.9414309706093875,-0.8005856266795554,-1.1862087777279764
-0.9609167478540702,2.6744976519739,-0.5741249414398084
0.8106472081489352,1.7477345197008203,-0.15186484092837763
-2.6596331471955845,-0.9953772759763226,-0.41952851570562744
-0.18159349468639957,1.5826457363656574,0.6966816392798956
1.4590003448720956,-1.238009636786712,-1.1818058011205594
1.1639775099531762,-1.038959951758129,-0.6726388217922415
1.6860708767096007,-1.1099240843906875,-2.1666753113664923
2.1329160310296595,-1.2152924992583465,0.12783462320618957
-2.3407212318860653,-1.1782442297828577,1.1855088286057547
-1.1368065876903206,-0.778146932832957,3.2017158622474136
-2.203075022773289,2.0798623329627772,-1.4618621083253744
-2.3303395666313538,1.8004059323555814,0.2147368782701535
1.8808931369847994,1.5022893302166298,1.7765804340137008
-1.8104144063496632,-0.7666451687142645,-1.1210961457973392
-0.79175210666885,-1.3957619056535657,2.2921355495513707
-2.63815207720205,-0.5990601245528632,-1.4759781153848697
2.411993862187169,1.6509397922923674,-1.3740992978847173
-1.9875318883045638,-0.8366589609077398,-1.588220564516443
0.12953199105142255,1.8666374761024278,-0.2873328459476962
1.7711749461158897,1.4414455121913665,1.9080273742670426
2.071295469858349,-1.2936098924317279,-1.105577669116676
0.14181757032219536,-0.8566952778045388,3.8243421608477046
0.15641608925227876,-1.649437106807926,3.7966817981482706
4.010428727969974,2.016819958175016,2.027023544293583
-2.4675400901128524,-0.9465484469202289,-0.5835425613861283
3.9912230096393815,2.148878203435115,0.3074057869642525
-2.278160449336313,-0.9418845336040134,0.38550461398238506
-0.4935938406678932,-0.43159436689166253,0.5492989570096263
-1.1158688405406856,-1.1572417434256714,2.0839048645334297
-1.4589115936218908,-0.33894827364959246,-1.051165102711827
3.1734235785261706,-1.4819274951819243,0.3845378285554387
-1.4383103376848951,-0.7016500799155113,-2.1596194381701888
0.2898154850274287,1.6710407731414065,1.464044864852582
-2.7270863364721456,-1.0169755954895725,-0.8062369975582
2.543979872148179,-1.3611346928545536,0.500375253973582
2.177012584477198,1.6829691812852299,-1.5558041549654045
-1.1443334461206756,-1.22036916014398,0.5295343498253247
3.6319055787077352,2.301862497292055,-1.8577245180283724
-1.6947177321131122,2.2558388898012227,1.3603784045348952
-1.2308448998579105,-0.6852157011463221,2.80186056432191
0.5227695950673745,-1.0226592454230987,-2.208840704772965
-1.4875611750973279,-0.9275666931987654,-0.23623102417093597
3.0653969043992317,-1.08757168560165,-1.922286894895998
-1.5755305802439339,-1.0280984682106873,1.5960533274120041
1.5192650457759553,-1.0536497301502958,-1.6202814627194475
-3.1321038195306854,-0.748586180074423,-0.4147949400587744
-0.7431867132767769,-1.237610824404259,1.5554936718968992
-0.7557097831643678,1.6656744077382468,0.5291267909043917
-0.14427465833877445,2.2705245338757623,2.9487104221215525
-2.4869026811136075,-1.3204322906209616,1.8837692306680776
-1.3462069457377488,1.959999766706585,-0.6581045785383098
1.9312422407188437,-1.0238418024061955,-0.9558017765926035
-1.2217278671659515,-1.1145464588551677,0.00698464141015147
0.12324619815020318,-1.2709748114865587,1.9240315119239129
4.395536558787319,-1.3606728125421634,1.0099154699838013
2.6491067309093057,1.5186591601576378,0.945712546377523
-1.797219754004114,-1.0222263013977675,-1.1095897322185704
-2.491528410779782,-1.0099872294086902,-0.995037604547371
-2.0625266656637735,-1.1529560463310522,1.311353373808426
1.9374591791364904,-1.1850707269673655,-0.8174226812704197
-0.2682804245865268,1.770863310374111,0.9834012529974163
-0.1622464412019208,-1.336091529842784,1.6241783196158277
1.0969340264777387,-1.3362583679825086,0.5987420220917073
2.5765404329561665,1.8706960439003009,-1.7112396884725
-2.606484347601605,-0.7477815165347781,-0.6010612863982029
2.4559508486819004,2.4854239602365555,-1.301648123850938
-1.335402458672531,1.8791532835269016,-0.52555745675879
-2.3865292353531267,-0.2953049051253499,-0.7501783532725755
1.156206922990041,-1.111755169117152,-1.1531144823340782
-2.450952261325599,-0.7273341241449229,-1.8123080540792633
-0.06649682404788644,1.8846259158837773,-1.7232924487099224
-0.14995599067589496,-1.0199174517154008,-1.4874292737155315
1.3523980065595693,-1.4847548426788213,3.059022276549662
-1.232233185882633,-1.1191583006632049,0.9907206046837155
-2.3240151243762788,-0.7667001296106621,-0.7354951814291674
1.8245740011453326,-1.0918842249144298,-0.9149833229519813
-0.8807699410803419,1.614366142305075,1.5882328161757246
-0.9509077985523521,-1.094611460770002,-0.40694413567845866
-0.7168594021103631,-1.2177359665145169,1.5078326173538446
0.032134673290589374,1.639266533605178,2.6152438728198253
0.5894105860330463,1.7669528593868726,1.3419666191448845
-1.8919310069163493,-0.248528155193873,-0.8604744330731512
-2.151947085520311,-0.985718096672413,-0.636707137265317
2.5254362105010086,-1.5126459454659276,1.7453156277360575
-0.8104698054352858,-1.2210594691396082,1.1240845694397976
-1.2965647740311204,-1.2899960682990776,1.199192438132164
-2.6357475117927542,-0.7053197658048043,-1.533150970395945
-0.1732250990076544,-1.359279273522668,1.6744763533792615
0.6000122008357017,-1.3761192498493937,3.0569789144544615
0.31612836246457116,1.8042554615184403,-0.1056694319074425
2.7332023183034173,-1.2052533675050785,-1.5410941423472153
-1.9629881943859595,-0.9903122273107215,-1.2771650451192866
-2.12072188759627,-0.9294759697589751,0.7537122780527142
-2.1014187118635252,-1.1702188436691463,0.7022514461111585
1.281348637891812,1.970280354374649,2.392725670684826
-0.7390775390093651,-1.1439190687012988,0.9917714938611927
-2.383525653407395,-1.0099139224757585,-1.152512886021295
1.202974135518949,-1.257843456686031,-0.6825210790192453
-1.0396233400586776,1.9032869812656867,0.6402392618789962
-0.07860906608773864,-1.2385511511580858,1.0859084807028208
1.8395308598284585,1.741990080197676,-2.1055346747378287
1.9837631032053842,2.468624415659604,-0.5938844869144282
-0.9451337634524953,1.4767096741465273,1.610266145022798
-1.727250198298245,-0.940135659439986,-1.9011551834093388
3.153965314363329,2.3615661883763277,-0.5165622844280062
-1.9445495831126687,2.5815819070203054,0.5825062026549471
6.325251218846955,-1.0655731867770155,-2.629898130670849
-1.796233980300003,1.723688595496512,1.456798355528875
-1.8640900340703288,1.7988888504048919,0.6214053217443823
-0.7487126205756056,-1.16586937541052,1.916913029372958
1.7703306110717056,-1.480711951897419,1.0347819312913096
-0.0953749838863292,-1.2470070085492635,0.7695617681537922
2.8295654775508137,2.365714819832876,-1.8562824212035989
-0.39352924943515766,1.3452737431751987,3.3704946205194757
-2.102596881423719,-1.017210392795087,-0.13363469697953256
1.6362182526484084,1.6226036791722043,-1.250569151344981
-1.853411638520276,1.8504658926706363,-0.6272455311311788
-1.1304854653150742,1.9455741288768695,-0.035139308502084646
-2.1065343655699813,1.91178004192347,-0.6382282115556476
1.1396125517592932,-1.4485483426268793,1.3908526087148627
-1.3844482725103393,-1.3307914466084056,1.0469765542079092
1.8347705978647266,-1.3825596096512633,1.6179235446524358
3.8113858456842356,-0.9511957849297374,2.251198257568447
-0.2844953275300813,2.4156459622765776,1.1702612491958306
2.930648233275356,-1.1672430946953025,-1.571284156884625
3.1893379058005062,-0.6017113930222902,1.2928750086382603
2.1313898310020956,-1.248368314946559,-0.49696877890300795
3.054421952625082,-1.2690427277437322,-0.2036864353772073
-1.70170804716096,-0.7690901890313172,-1.293689964436406
-1.6667552245918198,-0.879579042903663,-0.52335422794747
-2.839768421994459,2.017827195625419,-0.4136766326189381
-0.3600158530003371,-1.1010248770205155,1.4714385277949917
-2.0889541491694277,-0.7866506682778267,-1.7173794028708471
2.890873506413198,-1.0367069050744235,-1.982516653886775
-1.839995277215729,-1.0838422500965685,-0.8922422910338619
-2.050192800326155,-1.1959166052086103,2.0667460115791094
-1.9527652816958656,-1.0462627743020327,-0.19677728271960873
-0.3967625263761116,-1.1084747251138363,-1.0394514942294106
-2.052143323781135,-1.0243158664891003,-1.6388881499329506
3.0319370892349315,2.332908226283754,1.0639580892721412
0.9954851172729009,-0.5588893734639875,0.36788460902295717
1.427190586327831,1.7457136199718026,0.12204310260530515
2.9287562209770273,1.7850362108037754,-2.2424657803725943
0.4515769181613279,1.7124940453483606,0.015437348268861341
1.7108155276425192,1.7199547462554796,0.7137366338537595
-2.680757706116812,-0.8505148421890613,0.6839161806946278
-2.6140951200684097,2.0076891016572334,-0.41831112745881777
-2.171788577687042,-0.608165773044196,-1.9098423842376357
1.654902978590896,1.5791228305443301,-0.8943153828536257
-2.647460038179381,-1.0191535192055743,-0.1407976031639003
1.5351878487846375,-1.1362789652409706,-0.15359595280541732
-1.9740642227431517,1.8170375678861463,1.8694665259214627
2.316021433507706,1.2605104515493306,2.1072142439652164
1.4205861691562756,-1.1756966827002318,-0.05638618204598078
-2.050562506809845,-1.2852991024909453,1.6405059704995069
-2.2255840601640333,2.0538643828885985,-1.2323916132536674
0.5796256495621898,-1.4775718653952012,1.8109316542549665
-2.317968267623947,-0.346482395713792,0.854799700347349
-1.574155888885746,-1.0229452563402877,1.065361023641988
2.443862077767082,-1.427052872784937,2.4432889215856717
-0.6787574972634004,-0.908934477617772,-0.6141130078150147
0.9215686946383127,-1.1345854119902015,-1.4193522935538005
-0.09845990241526384,-1.266031687021433,0.2497786498270953
3.936856818337239,-0.566204740657001,-2.0916599105306855
2.967766215911812,-0.8291901096303618,1.7364419053572635
-1.5744809431935463,-0.8683532001483616,-1.816367746571311
3.564024886129209,-1.1676580045140323,-1.4676073492371695
-2.4939032776573122,1.9132184875327758,-0.8140471454822172
-1.229412490494537,-0.938835290393633,-0.16498490759644277
0.9317326461355425,1.7360187277346077,-0.576884269640278
-2.744256439900787,-0.9107830722630313,-1.2870449468811898
-1.742072489683268,-1.0701312121653876,-0.3526961235608395
1.4222010348477974,-0.6893617122362513,2.3620787343327527
-2.921681017780746,-0.6557902822032853,-1.883410100824333
4.178239529767722,-0.795494980916874,0.9216255117347245
3.5110431641793527,2.402081493306941,-1.7296679764322345
3.7530774001647718,1.4461911913063519,0.594769222412962
-0.7902491306157042,2.2534239723427176,2.2481582575510934
-1.6958056411332803,2.381911658923078,1.3656663836756633
-1.0844052887504017,-0.49321606851747934,0.9171054177217743
-2.2291274363450215,1.913871503245269,-0.28578539500695277
1.5140792809752512,-1.5431433244846298,2.5410586173021112
2.7699946441303083,-1.3019242048298147,-0.44211148454593746
-1.8842387395310076,-1.212069463929703,1.1892110605898818
-1.984422422015949,-0.7231556131063211,-1.4338398673053063
-2.118763483963686,1.9007879810186303,-0.7288243531601089
3.067739019387338,-1.1851465883020433,-2.0793749522238665
0.9597359246044926,1.5728613134790725,0.11104976109656815
2.3840200707024066,1.6711037352427907,0.023773528831958646
0.42502722470014936,1.6405331769491536,-0.37512720967558444
2.9762219648986985,-1.2312207315310608,-1.9231476484194125
-0.5071125047068105,-1.1432889658209553,-0.5557432913017021
-1.9972753359229736,-1.0016607300296414,0.7730257713385587
-0.9951426829145397,-1.0562502831846619,-1.3857325826005884
-0.9201739937490985,-0.9221573301111584,-0.38731487041767093
-0.5127757693193626,2.314807873107459,1.5516889246112835
3.354947226523615,-0.5931630926711433,-0.4130705711943023
0.8764835941863574,1.5828574768345605,2.179019849751409
3.431787279391111,-1.1373739436622026,-1.4195401429874117
-1.9885155709122424,-0.9168613635108905,-0.2926106063257953
2.845285804325128,-1.424622515655657,1.0392081988310349
1.4037860790469847,1.6495444520028673,-0.5366932632677694
2.8765105698250735,-1.3177100899748548,0.999245677322007
1.273608535469237,-0.7141723383770726,2.4233855127921777
-0.8265336530074995,-0.9330575926140804,-0.26676308479884203
-2.4237742860436686,1.9581647614805497,-0.672219175957327
0.27790840142867407,2.1105901923115122,3.0650059953001705
-2.3711316261518656,1.992628675529379,-0.3472912992267675
-2.359184387822991,1.7797455116576542,0.0849273299049875
-1.9745174245039696,-1.0333766698740072,-0.9367597205184163
-1.2364009085063448,2.4033448835870193,2.036859916820801
-1.7130971797154064,-1.2952197154997374,1.0483469389450173
1.0822816452983814,-1.1489514381264825,-0.8077411375023298
0.4863966776230318,-1.337041490500435,0.10988930940859025
-2.658681322275762,1.9706805132948784,-0.1924589776589259
0.5279727723555427,-1.077666402821596,-1.6638003725618815
2.1281481032365464,-1.1149279216352064,-1.0536736717768513
-2.3900903785993233,-0.9721779841539837,-0.8348254811572432
1.5956967599816636,-1.2657404817933164,-0.10028737702871729
-1.7352002119228553,1.8285845246098897,0.36287808720997616
2.1784951867932856,-0.9336334714229628,-2.3133236548582996
-1.8485063314800756,-1.0385702607906744,-1.0985714162484155
-1.19771727898582,-1.0741611002969722,0.9635031694102163
-1.7975116043460044,2.480937841984079,2.280996164262561
-0.2558982852881079,-1.1718465584890398,1.0524310879561312
2.3563480064589424,1.8610360027881503,-1.8026073952792294
2.897814651873004,-1.3486272549530267,0.36092352152266993
-1.7984231936487238,-0.8884920335738363,-1.7136706836252573
-1.0844052887504017,-0.49321606851747934,0.9171054177217743
-1.831658681470415,2.038160461101482,-0.587525338821393
-0.9712392528813781,-0.9628843601603128,1.1282851542228531
-1.648976373274812,-0.9885283629340895,0.8915435071129019
1.3286872489019073,-1.1358168873880625,-1.335510199648978
-2.3744432785990734,1.938282413509655,-0.24860991574439867
-1.5614231743561306,1.614531013284194,1.2176119841211825
2.235995384506634,-1.0720514279076785,-0.9656298434526565
1.431022027798432,-1.2740334941014655,-0.38428240041894296
-1.2166156612226395,-0.42443725099409146,0.613366844349992
-1.4583504632028823,1.898587559329005,0.3241139032260547
-0.14424503397373825,-0.9665708889985904,-0.11839268085406346
-1.761662908229752,-0.8318644336280526,-1.8589282718025706
-0.43144253679685796,-1.4882243308806418,2.3326155029618176
2.191596368863812,-1.1653441675554537,-1.5453573781895857
-1.8207094379399675,-1.018012458981828,-0.46027101836046913
-1.463182417380234,1.6221692335543103,1.1839664873706592
3.4733313149270595,-1.4156716575199684,-1.0312812628602062
-1.590663067354642,1.9708220311682325,-1.6653048487079936
-1.5241634125595491,-1.1290138922308366,-0.07649057680158305
-2.230497842478569,-1.1159833137104596,1.1769385003147281
0.5623061920940732,1.7834971225880296,-1.0953359312603528
-1.6415269082959028,1.732421855276984,0.7718186590631728
0.1791278996310863,-1.2374966360306787,-1.087629321965213
1.202974135518949,-1.257843456686031,-0.6825210790192453
2.44299067217589,-1.3079955178758795,-1.5596376235837348
3.0578286628504503,-1.2019452312172547,-0.5853929014340616
-0.8898585068374044,-1.333660231025337,1.6187385084753947
-0.757128148139248,2.2145723651215614,1.4878585731238498
-2.1234899847105435,-1.0568649764780753,-0.8635024012066312
1.3421236753435157,-1.226190222694012,-0.13398286645453777
0.5252638674675996,1.4452261044312382,1.9855107623240766
-2.2257074573675237,1.8174538703556953,-0.4624341376436758
3.3064701845609004,-0.5813316369253944,-1.5030896335156632
2.3961787352741317,1.684084095926859,0.6474033516350474
-2.461146158290426,-0.8584288578365925,-0.5792797849514555
0.15017461184596165,1.5833609227540093,2.648559914149258
1.7724373581704098,-1.3206127171149298,-0.09973142058255052
0.6910900929707684,-0.788386246924111,-1.9515099701933336
2.051410992393056,1.7023755413268726,-0.4132504144276293
-2.6332880520302986,-0.9398593557417622,0.6148928509529067
0.5629806217929549,-1.2015875923332195,-0.05281522768217545
2.7020489072139635,2.2941368167283036,-0.480374968363672
-0.10010807649904811,-1.2584567037963101,-0.356538314673696
-2.5227656291010225,-1.1163048966876734,1.0361122586272282
0.5825584364190077,-1.1979041342498233,-1.2025867241924437
-2.002325354111444,1.7417630794186898,1.4979803083255585
-1.8263111665000449,1.6912282472958229,1.592560052340191
1.6687589265219205,-1.2295074413465994,-1.1493901239512712
1.3524260312268392,-1.1357515947177095,0.054498837859220106
-2.369817025979759,-0.7816966275181404,-1.4620867772568145
0.05020700206191904,1.5683238010084022,1.2877732787232876
2.524115097162711,-0.33193420390123796,-1.6631255450931004
3.8588193073396377,-1.4138750840234096,0.3801502082473479
-1.822093427386933,-0.4354204097518273,1.8857013992042373
-2.2039026695588593,2.112812560100961,-1.0618159766471646
-1.1327041599349015,-0.918147294265396,-0.4805566330145056
1.2748681223096257,-1.5342003116178562,2.7543269097694774
-1.2532533760221443,-0.9590302097037144,-1.1349259485386667
-0.8687892049810737,-0.4655849912584611,-0.4515971728914759
-1.8450543615118413,-0.876077595774169,-0.7942674506053992
3.379203897159577,-1.3342778238767392,0.22069451262291123
-0.649706581171113,-1.0318887100385132,-0.5936114650665695
0.07541993849390835,-1.1408929866326172,0.5780347127938887
2.1923272519457107,1.841509048339931,4.286787735795479
-1.9446004201738587,-1.0152741654661939,1.4285349241322496
3.126374747338174,2.103351504837392,1.0708857000369383
-1.88339064372772,1.7114845791466586,0.8343304652395231
1.7910488195080938,-1.3029800298240806,0.43542056483190494
-0.4687503513139343,-1.3977381448633346,2.258989763158194
2.705994255074918,-0.5712243848701496,1.3437646131033942
-5.553082660585325,-1.2061243187717652,4.421358526577056
-1.8284128382384004,-0.6235709342603347,-2.043784777622585
0.05611536228087169,-1.2731969853695562,1.6403363717665802
-2.5264681242482054,2.0781230320772064,-1.5887583690085674
3.062681978685508,2.343165825402271,-0.5276210570683195
-2.6169596622623326,-0.7602580588064733,-1.546943574118143
2.761456522013708,-1.2264239056615591,0.42659524898014
2.1699692094285634,-0.35557208303074406,-1.064858889407023
2.7575736873103267,2.219298727932998,1.1310870902097188
2.618070737511999,1.3812444210795125,2.1603935028628856
-1.5659167371407756,1.5512289298310118,2.104020605877037
-1.689066526427694,-0.9631183226395116,0.3393117721761575
3.3036466281744916,-1.3157700981225615,0.23549938257207964
-0.08555908630253299,-0.9045161867347729,-0.6976104852433221
1.0379735598546131,-1.1785088179092038,1.1350641323788186
-2.4138962380508175,2.04734686996556,-0.9798307345311066
0.34202838766531957,1.8518502515330797,-1.4285152936847476
1.0773367752450558,-1.074501420877789,-1.7083576354421544
2.6374122470171777,-0.3403783787805589,-1.1339558943193297
0.24002374171050872,2.168522226301664,2.1118706482811347
-1.9337380331014484,-1.223640080327788,1.27764847821774
-2.0192211995588316,2.0445149774861897,-1.9047949405593245
-1.3883888875732378,-1.067436952281726,2.47442183193068
3.724460162666839,-0.6830894394911521,-0.8455140073642332
-1.8691305472713289,1.7382786185715124,0.9386757744846657
2.2727847175621942,1.5975275071258017,-0.7124415159256514
-2.0058702718253394,1.8399078921656657,-1.1403175359176199
0.9783970382617813,1.4436338139689022,2.999465036443429
-0.8931555628967028,1.8069784103960969,-1.6695286626734007
-2.271416081154761,2.0755595200724204,-1.1138336014955714
0.7114184443288558,2.3096298351302202,2.8357541195999976
2.9293465862154626,-1.1705837632313532,-1.9839425463976856
2.4007555780686642,-1.3966319001997247,1.8542732294670683
1.909299013338315,1.6643262715948046,-0.4995358257289043
2.5058432654621305,-0.519258279531479,1.0245640694546925
-1.7709866204592404,-0.49692989215857863,1.1402981145834143
-1.1454421210657337,1.6785114461975887,1.1799493643805068
2.202871657963518,1.4762961585832681,0.9980219851381906
-1.1131537712987079,1.8743528156701725,-0.26445650404680543
-0.22170245820532955,1.9360418598055906,-0.6579409943370741
-1.6552383767418306,-1.192586134250572,0.945195345218022
3.1101617579074228,2.1325205366505227,0.8115257024253071
1.0559354232264124,-1.2339019451490165,-0.20940382742998107
-0.6054536517758504,-0.9205823575858213,-1.1796069156227722
2.987716946638277,-1.1274149983258872,0.22953612231338655
3.446729676191717,-1.332293809069339,-0.4042118839769449
-2.2770008194163305,-0.7437493132811673,-1.3116595732305738
0.46468357539344735,1.6227880472063807,0.6418110896100302
1.1507241340042573,1.8061049048630151,-2.4572408087845496
-0.593666907050968,1.8237069401670292,-0.6287695256151776
-2.3607137569596506,-0.8607119407704646,-0.5900730067931758
2.9974445988521508,1.4634085644659223,0.3913056604217741
3.465687771348785,1.3505815006730069,2.174372143580286
1.0127482050134045,-1.3867672599538814,1.2013947067501722
-1.9732363999853266,-1.099187311705074,1.6571753584123181
-2.0017155303573935,2.1903113959766234,-2.0266365815459078
1.131249970605484,-1.2229316287784686,-0.3302424767847616
-1.8333628249434617,1.9346480556583423,-1.032286554335967
-0.37670117106373674,-1.0266629792098827,-1.381107273257418
1.6359819506717586,-1.0446574621089049,-1.7548705610547408
1.9180590874339145,-1.4058953052729406,1.4585810925688367
-2.043077956636921,-0.8218275391327792,-1.8575159747907055
-1.4192432994210586,-0.7652090483317919,-1.5636036106348152
-2.110368024313061,-1.0164851861269353,0.3906905474289842
3.1777368231578342,-1.3916285886713933,-1.339477406438053
1.9940725468493843,1.8378297636214829,-0.5235455629214175
3.458851766545273,-1.347979478496012,0.5837465944810729
1.6950178594605783,-0.5090620168071471,-0.026471686312648787
1.501106972598881,1.4713705098592733,3.116226784517954
0.2822188910208185,2.335887567813153,0.918355303259663
-1.8644634446918131,-0.5933397149588359,-2.0640064919283656
-1.6440949275067562,1.8059393817956602,0.9611517554240137
-1.4903853913798053,2.1929077910589325,-1.47247913244821
-2.4182221468260408,-1.0729063687747102,1.2806853109988503
-1.7450241729248908,1.8451477762074193,-1.05229339070509
1.3054047390175159,-1.3818670506097501,-0.39085810039713176
3.923252650337952,2.3089412370350777,-0.7125246769562852
3.807226015332861,1.3594876479261444,1.3995657082848052
2.1824112880245776,1.5694158482235068,0.15295526400886336
-2.034152303612579,-0.9476563421074112,0.5067138531866922
0.6254821428936622,-1.2645701806957974,1.7985751802561716
1.7206008288461383,-0.994813717290972,-1.9624861382722814
2.310302078612024,2.409733222316212,-0.24157623066420036
0.3154425826472355,-1.4135004286119757,2.6745143149764
-1.339692037531732,-1.2341062596719399,0.7578212904161847
0.6778038974447865,-1.4334430785248582,1.1863348191073162
-2.1231129465539853,-1.045471273681701,0.8295467405368457
-2.2858596785289063,-1.1616298249045545,1.2200126435785543
2.1165944862584496,-1.235998074569803,-0.7066682926071686
-2.7301121081659887,-0.9694123839599861,0.11049113389879801
0.8589419541013422,2.07901723217958,2.625534864550732
1.262362414920311,2.0485395114290528,3.235311242000528
-1.7928021631547189,-1.0944556792003874,0.5566334661818919
-1.7644224098287844,-0.8456683874291713,-1.8294140334455224
3.316333814959784,-0.6880349262758009,0.296048171485379
-2.1287708983933036,-0.8529075673532766,-0.9118726838159621
-2.1881386578870807,2.1521191572939458,-1.1741922619987761
2.6757514809847516,-1.1459416219426868,-2.4631350702261114
-1.5476994517594522,-1.0299437368812545,1.063828861930552
2.3067810868713203,1.7060950980370044,-1.0526423718917863
2.4554795068803754,-0.3466365371168463,-1.3514180341620792
2.390248085793353,-1.4138946845610176,0.30146044926020354
-2.263253462944416,1.9319296536736514,-0.25027375118024253
-1.4518266234756378,-0.8910382401969474,-0.6382014971624513
-0.12741462566476802,1.639019826453751,1.1040986632914094
0.643730977705632,-1.0535668041976956,-1.4673806942247094
2.8803965104978566,1.611700207747887,-1.6691682607835923
2.9356442210897273,-0.5523157231679346,2.0126555418384866
1.042947163661835,1.6628368383954788,0.8008463574243715
2.7900018614139976,1.4880705934544791,0.26841274236301504
-2.13148944752121,-0.8315236064176954,-1.8694016408570857
-0.40187803288578877,1.8160940396898042,0.2539238769342929
4.502250117943803,2.31227059143064,-1.4622385063289305
-0.9451337634524953,1.4767096741465273,1.610266145022798
1.8968228292583522,-1.4054257844246634,1.7622844425537973
2.2371789911923825,2.260229071031514,1.58009391619452
-1.676246536706954,-1.0259185152501749,-1.4246879053691812
-1.6138176977353946,2.428709640907723,0.5441852184300101
-1.2936338649134609,1.9645700904278407,-1.1411758588357692
3.611406150234302,-1.2587994146288242,-1.1977023378902132
1.0995799223495593,-1.1592498957216377,-0.9384426207269241
2.7883457376039216,-1.2911366103685384,-1.1071728320729526
3.495747737624965,2.2883971674536703,-0.9331293010966715
3.0854146143917722,-1.3308701825372693,-0.05088159397248265
0.7312998024372829,1.863237592218823,-0.6856801040147149
-1.6259805620954209,2.036693127933252,-1.9700691082718471
-1.2166156612226395,-0.42443725099409146,0.613366844349992
-0.5624975819291841,-0.884493811778694,-0.8287308082714105
-1.180204895175643,-1.2869855475717376,-0.22290004153118106
0.4205487533681342,-0.9999612440073172,-0.36495476374989144
0.17637817806336767,-1.0408139033477093,-0.11540159776092346
-1.9432435990734684,1.6914365760943126,2.077976539896069
-1.7824136809878766,-0.22429602010647148,-1.2833101792061277
-1.9382347962642517,2.5292352828936435,1.3168172757982592
-2.1750002090662495,-0.8312162122709502,-0.9529590290073855
-1.7975116043460044,2.480937841984079,2.280996164262561
4.174157442820811,-1.2331430068015743,-1.8392424479623863
-0.5928553027491708,-1.1131308547151424,0.87998068706863
-0.8020586109199715,1.7145493255546052,0.7601055542828337
-2.017776734723838,-0.7700065159082233,-1.230588418447236
-1.3609013530504903,-1.053408408525192,0.01057625071056151
0.04341740885103495,-0.7631116567314807,-2.27181031076655
-2.252699752827402,-0.8030960530876077,-1.2308451298231697
0.6132661640222732,-1.1759676786016842,-1.4315540956836097
3.2870944919366414,2.1410909786157677,1.200483695738067
-1.3523631563803,-1.1136784785704144,1.103532354383277
5.054862641648332,1.92056578307067,1.655648489961123
2.118093130988781,1.6594521163847085,-1.1319779904699263
-2.9441305122096217,-0.9140763533409799,-0.7175584726194677
2.7916344213658397,-0.6716775441817256,-0.9218535472628177
1.9332869263188104,-0.3772445191019259,-1.1412803727778305
0.4127258034041448,-1.2287492830365332,1.275042345414879
-0.9025109458808785,-1.1417060279623692,2.031110572961555
-0.15932183973263506,1.6729376562090472,-0.8255716394602561
-2.036328778800439,2.066952132388915,-1.3137104691309487
-2.0220983553413743,1.838970960023038,0.7937924282334323
-1.6748693021970111,-0.21229209318100345,-0.21700312562679216
-1.2275445601698405,2.027354047675396,-2.2076574421408193
-1.8716546083383987,1.7249528179700473,1.7402568085972563
-2.2923706201762313,-0.8651548339223689,-1.4758347133637537
1.654092201044656,-1.1188673440010712,-0.47133387818395933
-0.6001975973731056,1.8864016187562231,-0.15701108011913537
0.5335143546521507,1.531613544536432,0.8591971095466377
1.1418379313055842,-1.4730374806196616,1.427498870173278
2.637632896257682,1.7850623506284782,-1.380354529167974
-1.6876544785482563,2.107035601009083,-0.6646160702050169
4.220039402947538,-0.6228464128868063,-1.4616582204744315
-0.041373785015163,-1.178821294556517,0.8883430049623213
3.5833652994735816,2.35585588981318,-0.5661728923867445
-2.6596331471955845,-0.9953772759763226,-0.41952851570562744
-1.5040625132835477,-0.04814054561125565,-1.2489823643265399
-2.640156587726704,-0.9504768453861568,-0.591894652769603
-2.5971038127098875,1.9175393897477042,-1.0738989163425872
-3.11074716938593,-0.8789854781434141,-0.6777784508521771
-1.982350465554569,-0.8867410232110935,-1.4337349922834528
-1.6177980909073941,-0.9913555275061973,0.6037823952404272
-1.1443855222861898,-1.2211810093153872,0.021922172801494503
1.6585819425222856,-1.4070871069617852,1.5255314006830571
2.6808989035225856,-1.4491347176554743,1.6305095739385758
-1.6821888677083694,-1.093886923886873,0.503881517655691
-2.4485824601855968,-0.8221420319542078,-1.0381970471167483
-1.294858082078139,2.0374802727003987,-1.5998553300565832
1.339465206302123,-0.7470246534196749,3.306453376424062
-3.044113791022583,-0.902076923722883,0.10906660070353859
2.338212017557073,2.003765644138961,2.7042135503938187
1.3054222908226762,-1.213781507869332,-0.4034520284110477
-2.483076312091001,-0.8531282855324196,-1.1495198585884137
1.5451586081503546,-1.1181363785695406,-0.060242503585587075
-1.1689098923375643,-0.8667025282906783,-1.4116529082724423
0.5889730138611939,-1.1529229380823105,-1.204513010590826
1.5496493018761615,-1.2984755836715043,0.18666534130830179
1.2658958581121134,1.6466648561022617,-0.27851332115584365
-1.9523286043666368,-0.8005637655165738,-1.6849651045636138
2.2385609589480295,-0.9592851892908189,-1.0867094739963166
0.9678386038280752,1.946172133626617,-1.900017337788444
0.8446678124062628,1.4131030056207465,1.500704424645281
-2.091453731413079,-0.7936815506323829,-1.5784688119426389
-1.4966693299123606,-1.0931654361517555,0.31231989592422427
-0.8285236285313844,-1.068588335594369,0.24434865066163863
-1.0740377874940676,1.8601615417423518,-0.9481570134437995
-0.7119905760627687,-1.0392694172916068,-1.6454211955926734
2.9193333556176726,-1.133441991548668,-1.5624216376242437
1.5660083221467507,2.4576423740861992,-0.3726178621325275
2.8534532555123726,-1.3550232114550351,-0.5697787773002412
-1.8846598563866972,-0.9504249275598556,-0.9155953406082248
-0.5633162984858584,1.7099540097340535,0.3402667753095108
1.2372092702096364,1.6712196456989852,-1.2046194057048365
-2.102571863631651,1.6268818919402164,1.7193432503774457
-1.655564823840212,-1.132971928065453,-1.4958666026858904
-1.6358784937120847,2.135950393795146,-1.1900888615411334
2.43207837409441,1.7231528051948746,-0.5509706146067608
1.8808931369847994,1.5022893302166298,1.7765804340137008
1.4869343685636858,-1.1776099624529304,0.07890977153970513
0.655009022822073,-1.433961183102202,2.1301060078527123
-1.6704014912645024,-0.9549961745400981,-1.1451299288459107
-1.3340986521762854,1.7773141237174939,0.9659193141041233
1.9940837942976013,-1.214299321091158,0.02744142407222572
-1.839453158936108,-0.9518413070451355,-1.2567895749248403
2.1329160310296595,-1.2152924992583465,0.12783462320618957
1.339286653584997,1.7149537785022024,-0.8558052338121913
-0.6776837465855114,-0.9052643364239129,-1.6064632045561518
1.6600510448245154,-1.282175961958358,1.739348219218817
-1.693834229072455,-0.9366954519193719,-1.8979466883194147
-2.1565290511968267,-0.8216210818606099,-1.8075882643012573
0.4153602688655949,-1.1910301652138848,-0.4648546704754846
1.5376034884179577,-1.265739692237292,-1.2579114483467422
-2.369817025979759,-0.7816966275181404,-1.4620867772568145
1.1668799712216302,2.3319178324133847,1.3796745226000693
2.092492627710532,-1.0041595178100178,-1.646690865885219
1.3009645699061347,2.3339495888035335,-0.693114722097473
-2.027537529291377,-0.9636018951173582,0.5416924766282349
-1.5377261716494441,1.8298457736326448,-0.9030843936818083
-2.0414215712524233,-0.9933961323246543,-0.4283238109239694
-0.7345509280162511,-1.241899650638486,1.357349244973682
-1.9271111614031815,-0.7658936371487459,-0.8117988369410807
-0.4276559109933784,1.7435906705689372,-0.3962410377552937
-0.5371692206151368,-0.985048547554405,0.008512798353292219
3.1903055705663257,-1.055862358206217,-1.438594552118528
3.3459471629557163,1.9578453223648176,1.3381648459832958
1.4754542383570122,-1.0609132540879,-0.311266565305231
1.9053702247080808,-1.0943931154404574,-1.280432143160688
2.8875496417594078,-1.2072133579022488,-1.3617264637606559
-1.3716682713249408,2.021313378242072,-1.6349012921870683
-1.7293515793969907,-1.0487361254174394,0.32814441032262015
-0.3993088561286313,2.0637085496747365,3.1488173607191277
-2.3525109252508103,-0.8742072497592547,-0.9927234278056054
0.3796977178936407,-1.0689317987850255,-1.9272148355691194
3.3527735096211133,2.45277678212164,-1.715247936277696
1.339465206302123,-0.7470246534196749,3.306453376424062
-1.6274722368408439,-1.255230221785959,1.2505836718242498
2.729562414974186,-1.067501539824627,-2.218695311258964
-0.9937565574873982,1.7360395585179655,0.29854590837837475
2.5962304454763747,-0.7316559263518785,1.75970544505196
0.5394172885704723,-0.9205019184852764,-1.383936831402615
-1.6656986912975555,-1.1697018820559917,0.5249557049350219
2.370698080096776,-1.5889238001495223,1.422701360120738
-2.7463708426039464,-0.20764910705825218,0.2469719479266697
1.8387722023106883,-1.4125346058927495,0.869242271638694
-2.000557319509544,-0.854808506924447,-0.8077512900899454
-2.6393833688633235,-0.8097936365878854,-0.31840527426076126
-0.5928553027491708,-1.1131308547151424,0.87998068706863
1.2200017766394862,2.3986802539700003,-0.05232045731889527
-0.7832370033008452,-1.2124342317779893,1.9367071174779609
3.845363251914505,2.241634327865231,-0.80599066260867
-0.049030666198220114,1.5979265246933079,0.8822575658872
1.570951709639692,-1.1447111391055822,1.0153895068560355
-1.99347720367796,-1.0918961409669243,-1.22274178321423
-1.2642771493608735,-1.063132970008477,0.4830452523047008
-0.3953211861411319,-1.37839222118294,2.2136234119592317
2.157767410261614,-1.4398554484110522,1.0366081726503173
-2.503976636042832,-0.9109893733747597,-0.49917401632570724
2.7618952067734073,-1.539875793048422,1.226485872103666
3.318158525562821,1.5280587285304732,0.5993877051374936
-2.193773131057376,2.1472212878324655,-1.1905502459138972
-1.58279005071064,-0.975603811569051,1.3150541182844795
-3.096116162783588,-1.0081669816791885,-0.48066849903853026
-1.7339156271469165,-0.7757340596964339,-0.7319793676172902
0.6043270242297412,-1.3578119789849068,0.7518423275292131
-1.7067380783231423,-1.113992168556694,-1.2161046240178996
3.428466151377931,-1.2204167263813939,-1.950876102511922
0.4700214670015342,-1.0820423730211486,-0.8199092759176176
3.1260671927104324,-0.6779678068871988,0.5590200490906649
2.1298300905320064,-0.6424909070844718,2.37761864266717
-3.0233164407503086,-0.9473481893851796,-1.0637677449999992
-2.0789710550843186,2.0669331707149348,-1.4113891976564328
3.335910664811431,2.1814154728902877,1.0678174232433155
1.539921117586286,-1.3187718735655332,-0.1690383586978574
-2.776150384551608,-0.8819845611308815,-0.030027674155087055
1.8742834375264488,1.5377121455175553,0.8852408534433428
-0.23616950466076814,-1.0031525034685527,-0.9935158780897627
-1.3128219974625346,1.8163721448088486,-0.1896385547225113
-2.2964672226438583,2.0512050939011646,-1.5521760608925916
0.15910239678901314,1.530449847707618,0.6882998749143217
-1.8273169995880403,2.362836693179628,2.962067785499146
-2.4994346143611756,2.1055713527905366,-1.406840998379404
-2.2542570341413968,-0.9439193787125493,-1.1423557174315653
-1.7241206697834959,1.8161872661886085,-0.19893354323565998
-1.4704473164283676,-0.8177141854409706,-1.6767090166681355
1.0082576976083715,1.5954511876027595,0.19440669856333667
2.6202905119004956,2.3466921562880256,-0.46097956448667843
-2.4270432960158708,-0.9817798633706117,0.81604527758699
-2.037577743275947,-1.3655213323667375,1.941612348387293
-0.53946987932558,-1.3163057382342618,1.7613332128724903
-1.1071879157767757,-1.131989774967602,0.8487407754925238
-1.9095907118991327,-1.1978612706338583,1.4967926504188993
1.877095786261918,-0.8966507043794671,-1.1744642484416015
-2.3840031070645327,-0.9079165368630037,-1.0563730849023854
-1.3128219974625346,1.8163721448088486,-0.1896385547225113
-2.12072188759627,-0.9294759697589751,0.7537122780527142
-2.220036297197493,-0.9896854557079298,-0.8230359313739494
-1.9313435044471552,1.572558581904741,0.5999858127318155
-1.536228581296606,-1.0391234035518275,0.24088354464654405
1.0358786820197177,-1.4169989906913851,1.4969562778772454
-0.0980939491808382,1.7845983028705692,-1.3939256463644858
2.6120184058252542,-0.7838807572136728,2.335435289965559
-0.3904612881581798,-0.9907567014727938,-1.6034129804232236
-0.3520799825231745,-1.127356422687189,0.054568731756302016
2.9103899096745147,1.499295374248459,-0.09596598628635856
-2.8851421866247056,2.0261404956032334,-0.6414405095367732
-1.8755981650940994,1.7968227399305072,1.1348319000379146
2.051410992393056,1.7023755413268726,-0.4132504144276293
2.3718889993818597,2.251441387905588,0.4423307130624725
2.8165301018336026,-1.0777341210232747,-2.529210790924457
-1.894168382515796,1.9342024720690223,-1.5860039078565502
0.6439433616702275,1.7805985590459863,-0.7046655777803106
2.4149605089035555,2.133256182823738,0.5862764668700006
1.3589630400127874,-1.1576725776869707,-1.2565803921314775
1.3366590771457525,-1.160166491373514,-0.6170755595095376
1.0339603317977286,-1.1867686757426104,-0.538997873694009
3.5054935002345253,-0.6203555510762692,0.9751855324024262
2.929841514866884,1.5927686805488772,0.8301027679479693
-0.5011715534428302,1.7225395899250413,2.5619121464637735
-0.29468987174906486,-0.901266629130547,-0.6604112385280501
-0.7912923218515227,-1.0715983322926272,-1.146629356967289
-2.2868247703434865,-0.8530803199948033,-1.0571155898944014
-0.21736663462355235,-1.2464973923371532,2.040340816255238
-0.5372610111346356,-0.9764970418655481,-2.454182295215448
-2.008632723151255,1.8937386647679813,-0.17768123147145368
-1.4967383072506655,-1.105261791447416,-0.7351033208156627
1.9172695588299145,-1.2129473666647745,-0.01946501170413389
2.0214632719951404,-1.39223608501752,0.9670114973987959
3.6035936094181618,-1.429692354722603,0.5284051348480631
1.7819346595734682,-1.3265896889927946,0.6921131644610009
-1.9403444234863618,-1.0543530195594077,-0.9722761200650999
4.067900010094236,2.1150098947031344,1.146768367533762
-2.163482848476715,2.0022492195703823,-0.9171741557103916
-1.5657674473076182,-0.7100122357649836,-1.15046715316115
3.7760256548930977,-0.7415859846932961,0.23880410163937388
2.2983901790520993,-0.5669405490823273,0.20755147868068793
-2.6633315713707972,1.6903335256741128,2.485392461509704
-1.1204657178527542,2.0608190146313987,-1.702872895778282
0.13804514657960945,-0.992507793392991,-1.1263428724305924
-0.2809635518784712,-0.6331134527807695,0.9627417838742569
-2.517167958715265,-1.0236020835849777,-0.7989191659066953
-2.6496925195242147,1.9762180892476153,-0.5143348660641414
1.2261045437120888,1.8310535099880294,0.07632494492540363
-0.14427465833877445,2.2705245338757623,2.9487104221215525
1.95674370507689,-1.1741878876902843,-1.3437601599155768
-1.8644634446918131,-0.5933397149588359,-2.0640064919283656
-1.876306501732637,1.8176640593951061,0.4168374210788351
0.49237284009440846,-0.9326028455970959,-0.12211675379263445
-2.2546825021543477,-1.1059368734457597,-0.5136377426810381
-2.506575113754719,-0.9322797014804428,-0.364991980335815
-1.6680113278217812,1.9046889699937504,-0.8922821538968673
-0.6141662244856454,1.6033435572225978,1.6748676047985116
2.588924119331738,-1.086970163892723,-2.073480078996779
-2.014974220939064,1.6307307121005952,1.7238180879065315
2.3250233901392465,1.8028276013074136,-1.0214959168144115
-3.840740020735648,-0.5268997126580884,-1.2557008521779152
-2.222360876591142,-0.9496282052403034,-0.8769197179422891
-2.340051032020307,-0.7618223631439381,-1.3306330097921906
2.9080079104354746,1.4721791768285144,0.43732390854979225
-2.6357475117927542,-0.7053197658048043,-1.533150970395945
-0.7954668122210287,-1.1295086366417584,1.6472662101161302
0.25072528658009685,-1.1264678401685069,-1.4453992530985005
3.3866174456006037,2.1842341013912216,0.6853879477642029
-2.6847471356418877,-0.9066336517010669,0.06140081060299776
-2.195621186858376,-1.3452427709276076,1.4792165176115633
1.13142802558169,1.5487334000183226,1.4791626819250587
-0.3355131486236112,-1.1570812284036636,0.6196669211716075
-0.35150037346272855,-1.2521578687608732,0.8776641758747167
0.1927734414762796,1.7491411375488715,-0.1247767708301545
0.2435557238211442,-0.8860240348957042,-1.6442606137054387
-2.618591247819872,-0.8863056947782114,-1.1413642010751786
-2.6295703098697527,2.113263157061813,-0.864324224966198
1.7098690557302154,1.645133008003049,1.92262398235146
-1.536371504584693,2.235259145729006,-1.9846661561435308
-2.222684521096115,-0.8051781456008037,-1.6390827059943103
1.0344588487675488,-1.0563260036001312,-0.7302652782978137
-0.7021354036607235,-1.6532708045169504,3.242918199288798
1.4279388890622775,1.8171642914934731,-1.8794123405335985
1.9007310431278668,-1.4254156953603117,1.3100553064448222
-0.9699528280374355,-0.6725024855511632,2.564048239089213
